frame,class_name,confidence,bbox,centroid,velocity,car_count,motorcycle_count,ambulance_count,truck_count,others_count
0,['fire_hydrant'],0.76,"[[278, 454, 552, 722]]","[(415, 588)]",0.0,0,0,0,0,1
1,['fire_hydrant'],0.88,"[[427, 40, 447, 330]]","[(437, 185)]",0.0,0,0,0,0,1
2,['car'],0.73,"[[277, 320, 306, 768]]","[(292, 544)]",0.0,1,0,0,0,0
3,['truck'],0.97,"[[71, 99, 542, 526]]","[(306, 312)]",0.0,0,0,0,1,0
4,['truck'],0.91,"[[78, 187, 466, 593]]","[(272, 390)]",0.0,0,0,0,1,0
5,['motorbike'],0.66,"[[447, 396, 617, 770]]","[(532, 583)]",0.0,0,0,0,0,1
6,['ambulance'],0.72,"[[320, 481, 553, 876]]","[(436, 678)]",0.0,0,0,1,0,0
7,['bus'],0.99,"[[248, 121, 701, 161]]","[(474, 141)]",0.0,0,0,0,0,1
8,['bus'],0.81,"[[141, 191, 146, 211]]","[(144, 201)]",0.0,0,0,0,0,1
9,['fire_hydrant'],0.99,"[[307, 112, 573, 209]]","[(440, 160)]",0.0,0,0,0,0,1
10,['ambulance'],0.89,"[[432, 319, 527, 603]]","[(480, 461)]",0.0,0,0,1,0,0
11,['ambulance'],0.9,"[[210, 407, 377, 875]]","[(294, 641)]",0.0,0,0,1,0,0
12,['motorbike'],0.79,"[[157, 207, 236, 281]]","[(196, 244)]",0.0,0,0,0,0,1
13,['car'],0.9,"[[51, 299, 535, 342]]","[(293, 320)]",0.0,1,0,0,0,0
14,['fire_hydrant'],0.68,"[[435, 358, 639, 772]]","[(537, 565)]",0.0,0,0,0,0,1
15,['motorbike'],0.69,"[[457, 333, 588, 533]]","[(522, 433)]",0.0,0,0,0,0,1
16,['motorbike'],0.63,"[[62, 208, 345, 604]]","[(204, 406)]",0.0,0,0,0,0,1
17,['ambulance'],0.78,"[[476, 60, 909, 101]]","[(692, 80)]",0.0,0,0,1,0,0
18,['motorbike'],0.63,"[[69, 261, 462, 567]]","[(266, 414)]",0.0,0,0,0,0,1
19,['car'],0.89,"[[206, 431, 386, 464]]","[(296, 448)]",0.0,1,0,0,0,0
20,['motorbike'],0.7,"[[91, 239, 208, 329]]","[(150, 284)]",0.0,0,0,0,0,1
21,['car'],0.83,"[[89, 271, 209, 336]]","[(149, 304)]",0.0,1,0,0,0,0
22,['fire_hydrant'],0.76,"[[398, 277, 427, 354]]","[(412, 316)]",0.0,0,0,0,0,1
23,['ambulance'],0.68,"[[431, 343, 905, 575]]","[(668, 459)]",0.0,0,0,1,0,0
24,['ambulance'],0.89,"[[200, 4, 248, 220]]","[(224, 112)]",0.0,0,0,1,0,0
25,['motorbike'],0.72,"[[458, 72, 577, 79]]","[(518, 76)]",0.0,0,0,0,0,1
26,['ambulance'],0.63,"[[251, 229, 352, 693]]","[(302, 461)]",0.0,0,0,1,0,0
27,['fire_hydrant'],0.67,"[[373, 484, 757, 872]]","[(565, 678)]",0.0,0,0,0,0,1
28,['fire_hydrant'],0.96,"[[372, 460, 761, 547]]","[(566, 504)]",0.0,0,0,0,0,1
29,['car'],0.99,"[[258, 268, 519, 487]]","[(388, 378)]",0.0,1,0,0,0,0
30,['truck'],0.91,"[[172, 401, 381, 866]]","[(276, 634)]",0.0,0,0,0,1,0
31,['fire_hydrant'],0.95,"[[484, 428, 831, 871]]","[(658, 650)]",0.0,0,0,0,0,1
32,['truck'],0.66,"[[196, 36, 479, 303]]","[(338, 170)]",0.0,0,0,0,1,0
33,['bus'],0.82,"[[473, 34, 874, 59]]","[(674, 46)]",0.0,0,0,0,0,1
34,['bus'],0.82,"[[76, 77, 287, 401]]","[(182, 239)]",0.0,0,0,0,0,1
35,['fire_hydrant'],0.95,"[[335, 395, 617, 854]]","[(476, 624)]",0.0,0,0,0,0,1
36,['truck'],0.91,"[[228, 422, 441, 434]]","[(334, 428)]",0.0,0,0,0,1,0
37,['motorbike'],0.77,"[[499, 213, 874, 265]]","[(686, 239)]",0.0,0,0,0,0,1
38,['car'],0.99,"[[137, 28, 508, 45]]","[(322, 36)]",0.0,1,0,0,0,0
39,['car'],0.7,"[[1, 289, 131, 469]]","[(66, 379)]",0.0,1,0,0,0,0
40,['bus'],0.92,"[[87, 132, 347, 491]]","[(217, 312)]",0.0,0,0,0,0,1
41,['motorbike'],0.6,"[[294, 13, 562, 494]]","[(428, 254)]",0.0,0,0,0,0,1
42,['bus'],0.74,"[[490, 377, 731, 442]]","[(610, 410)]",0.0,0,0,0,0,1
43,['fire_hydrant'],0.96,"[[156, 182, 614, 293]]","[(385, 238)]",0.0,0,0,0,0,1
44,['motorbike'],0.63,"[[497, 450, 578, 821]]","[(538, 636)]",0.0,0,0,0,0,1
45,['fire_hydrant'],0.89,"[[254, 378, 375, 734]]","[(314, 556)]",0.0,0,0,0,0,1
46,['ambulance'],0.9,"[[218, 425, 226, 775]]","[(222, 600)]",0.0,0,0,1,0,0
47,['ambulance'],0.87,"[[75, 216, 508, 567]]","[(292, 392)]",0.0,0,0,1,0,0
48,['motorbike'],0.92,"[[134, 356, 433, 530]]","[(284, 443)]",0.0,0,0,0,0,1
49,['truck'],0.82,"[[465, 453, 886, 936]]","[(676, 694)]",0.0,0,0,0,1,0
50,['ambulance'],0.77,"[[53, 483, 380, 719]]","[(216, 601)]",0.0,0,0,1,0,0
51,['motorbike'],0.88,"[[457, 486, 639, 940]]","[(548, 713)]",0.0,0,0,0,0,1
52,['fire_hydrant'],0.87,"[[389, 332, 583, 702]]","[(486, 517)]",0.0,0,0,0,0,1
53,['bus'],0.62,"[[256, 115, 376, 224]]","[(316, 170)]",0.0,0,0,0,0,1
54,['motorbike'],0.77,"[[8, 312, 29, 503]]","[(18, 408)]",0.0,0,0,0,0,1
55,['ambulance'],0.81,"[[401, 376, 749, 412]]","[(575, 394)]",0.0,0,0,1,0,0
56,['truck'],0.8,"[[230, 402, 505, 709]]","[(368, 556)]",0.0,0,0,0,1,0
57,['car'],0.96,"[[464, 360, 866, 393]]","[(665, 376)]",0.0,1,0,0,0,0
58,['motorbike'],0.71,"[[201, 88, 520, 420]]","[(360, 254)]",0.0,0,0,0,0,1
59,['fire_hydrant'],0.67,"[[400, 30, 525, 469]]","[(462, 250)]",0.0,0,0,0,0,1
60,['ambulance'],0.78,"[[369, 27, 592, 474]]","[(480, 250)]",0.0,0,0,1,0,0
61,['ambulance'],0.83,"[[268, 324, 415, 647]]","[(342, 486)]",0.0,0,0,1,0,0
62,['motorbike'],0.84,"[[287, 427, 475, 915]]","[(381, 671)]",0.0,0,0,0,0,1
63,['truck'],0.91,"[[197, 36, 385, 314]]","[(291, 175)]",0.0,0,0,0,1,0
64,['motorbike'],0.7,"[[57, 194, 420, 395]]","[(238, 294)]",0.0,0,0,0,0,1
65,['bus'],0.85,"[[483, 262, 596, 620]]","[(540, 441)]",0.0,0,0,0,0,1
66,['truck'],0.68,"[[480, 141, 612, 277]]","[(546, 209)]",0.0,0,0,0,1,0
67,['ambulance'],0.87,"[[222, 14, 353, 27]]","[(288, 20)]",0.0,0,0,1,0,0
68,['car'],0.85,"[[161, 471, 445, 788]]","[(303, 630)]",0.0,1,0,0,0,0
69,['car'],0.79,"[[250, 429, 409, 772]]","[(330, 600)]",0.0,1,0,0,0,0
70,['truck'],0.9,"[[36, 189, 117, 254]]","[(76, 222)]",0.0,0,0,0,1,0
71,['ambulance'],0.98,"[[240, 290, 445, 474]]","[(342, 382)]",0.0,0,0,1,0,0
72,['bus'],0.61,"[[248, 355, 389, 483]]","[(318, 419)]",0.0,0,0,0,0,1
73,['motorbike'],0.89,"[[199, 443, 633, 454]]","[(416, 448)]",0.0,0,0,0,0,1
74,['fire_hydrant'],0.94,"[[180, 195, 336, 226]]","[(258, 210)]",0.0,0,0,0,0,1
75,['car'],0.93,"[[330, 139, 703, 278]]","[(516, 208)]",0.0,1,0,0,0,0
76,['car'],0.63,"[[173, 323, 399, 806]]","[(286, 564)]",0.0,1,0,0,0,0
77,['car'],0.82,"[[240, 393, 500, 493]]","[(370, 443)]",0.0,1,0,0,0,0
78,['ambulance'],0.68,"[[187, 449, 466, 702]]","[(326, 576)]",0.0,0,0,1,0,0
79,['motorbike'],0.74,"[[106, 19, 352, 153]]","[(229, 86)]",0.0,0,0,0,0,1
80,['truck'],0.83,"[[174, 27, 592, 525]]","[(383, 276)]",0.0,0,0,0,1,0
81,['car'],0.95,"[[371, 358, 580, 457]]","[(476, 408)]",0.0,1,0,0,0,0
82,['motorbike'],0.8,"[[405, 214, 688, 287]]","[(546, 250)]",0.0,0,0,0,0,1
83,['truck'],0.94,"[[442, 175, 921, 226]]","[(682, 200)]",0.0,0,0,0,1,0
84,['fire_hydrant'],0.61,"[[264, 181, 525, 410]]","[(394, 296)]",0.0,0,0,0,0,1
85,['fire_hydrant'],0.94,"[[126, 78, 605, 305]]","[(366, 192)]",0.0,0,0,0,0,1
86,['ambulance'],0.7,"[[456, 354, 690, 386]]","[(573, 370)]",0.0,0,0,1,0,0
87,['motorbike'],0.66,"[[391, 396, 536, 502]]","[(464, 449)]",0.0,0,0,0,0,1
88,['fire_hydrant'],0.9,"[[1, 51, 317, 508]]","[(159, 280)]",0.0,0,0,0,0,1
89,['truck'],0.89,"[[212, 93, 619, 244]]","[(416, 168)]",0.0,0,0,0,1,0
90,['truck'],0.91,"[[317, 168, 746, 319]]","[(532, 244)]",0.0,0,0,0,1,0
91,['bus'],0.93,"[[413, 223, 546, 358]]","[(480, 290)]",0.0,0,0,0,0,1
92,['ambulance'],0.79,"[[432, 366, 881, 784]]","[(656, 575)]",0.0,0,0,1,0,0
93,['car'],0.81,"[[410, 464, 433, 569]]","[(422, 516)]",0.0,1,0,0,0,0
94,['ambulance'],0.83,"[[185, 196, 423, 556]]","[(304, 376)]",0.0,0,0,1,0,0
95,['motorbike'],0.92,"[[453, 273, 822, 441]]","[(638, 357)]",0.0,0,0,0,0,1
96,['bus'],1.0,"[[291, 265, 411, 460]]","[(351, 362)]",0.0,0,0,0,0,1
97,['car'],0.92,"[[373, 279, 688, 536]]","[(530, 408)]",0.0,1,0,0,0,0
98,['motorbike'],0.72,"[[299, 406, 791, 676]]","[(545, 541)]",0.0,0,0,0,0,1
99,['fire_hydrant'],0.91,"[[222, 244, 415, 724]]","[(318, 484)]",0.0,0,0,0,0,1
100,['motorbike'],0.99,"[[238, 50, 704, 314]]","[(471, 182)]",0.0,0,0,0,0,1
101,['motorbike'],0.76,"[[152, 382, 281, 576]]","[(216, 479)]",0.0,0,0,0,0,1
102,['ambulance'],0.86,"[[449, 372, 796, 384]]","[(622, 378)]",0.0,0,0,1,0,0
103,['car'],0.81,"[[112, 354, 429, 451]]","[(270, 402)]",0.0,1,0,0,0,0
104,['bus'],0.65,"[[124, 251, 137, 373]]","[(130, 312)]",0.0,0,0,0,0,1
105,['bus'],0.92,"[[43, 244, 242, 663]]","[(142, 454)]",0.0,0,0,0,0,1
106,['bus'],0.71,"[[18, 449, 471, 631]]","[(244, 540)]",0.0,0,0,0,0,1
107,['car'],0.87,"[[339, 85, 341, 485]]","[(340, 285)]",0.0,1,0,0,0,0
108,['motorbike'],0.64,"[[179, 54, 489, 112]]","[(334, 83)]",0.0,0,0,0,0,1
109,['fire_hydrant'],0.61,"[[258, 358, 356, 500]]","[(307, 429)]",0.0,0,0,0,0,1
110,['car'],0.65,"[[186, 443, 637, 839]]","[(412, 641)]",0.0,1,0,0,0,0
111,['motorbike'],0.9,"[[402, 309, 862, 356]]","[(632, 332)]",0.0,0,0,0,0,1
112,['ambulance'],0.86,"[[60, 294, 85, 733]]","[(72, 514)]",0.0,0,0,1,0,0
113,['car'],0.99,"[[348, 299, 422, 719]]","[(385, 509)]",0.0,1,0,0,0,0
114,['fire_hydrant'],0.66,"[[122, 108, 124, 489]]","[(123, 298)]",0.0,0,0,0,0,1
115,['truck'],0.73,"[[251, 125, 616, 532]]","[(434, 328)]",0.0,0,0,0,1,0
116,['ambulance'],0.9,"[[353, 49, 813, 199]]","[(583, 124)]",0.0,0,0,1,0,0
117,['car'],0.84,"[[220, 132, 669, 557]]","[(444, 344)]",0.0,1,0,0,0,0
118,['motorbike'],0.94,"[[225, 123, 237, 442]]","[(231, 282)]",0.0,0,0,0,0,1
119,['motorbike'],0.86,"[[426, 275, 444, 395]]","[(435, 335)]",0.0,0,0,0,0,1
120,['fire_hydrant'],0.84,"[[417, 344, 905, 490]]","[(661, 417)]",0.0,0,0,0,0,1
121,['truck'],0.82,"[[175, 231, 354, 279]]","[(264, 255)]",0.0,0,0,0,1,0
122,['ambulance'],0.98,"[[428, 231, 861, 397]]","[(644, 314)]",0.0,0,0,1,0,0
123,['ambulance'],0.77,"[[192, 250, 247, 327]]","[(220, 288)]",0.0,0,0,1,0,0
124,['truck'],0.9,"[[356, 32, 381, 53]]","[(368, 42)]",0.0,0,0,0,1,0
125,['ambulance'],0.86,"[[76, 208, 551, 380]]","[(314, 294)]",0.0,0,0,1,0,0
126,['car'],0.76,"[[458, 280, 825, 319]]","[(642, 300)]",0.0,1,0,0,0,0
127,['fire_hydrant'],0.91,"[[245, 391, 424, 396]]","[(334, 394)]",0.0,0,0,0,0,1
128,['truck'],0.98,"[[472, 200, 807, 268]]","[(640, 234)]",0.0,0,0,0,1,0
129,['motorbike'],0.72,"[[443, 167, 502, 533]]","[(472, 350)]",0.0,0,0,0,0,1
130,['fire_hydrant'],0.61,"[[137, 165, 323, 503]]","[(230, 334)]",0.0,0,0,0,0,1
131,['motorbike'],0.8,"[[275, 463, 286, 538]]","[(280, 500)]",0.0,0,0,0,0,1
132,['fire_hydrant'],0.89,"[[221, 155, 403, 649]]","[(312, 402)]",0.0,0,0,0,0,1
133,['car'],0.77,"[[156, 469, 410, 803]]","[(283, 636)]",0.0,1,0,0,0,0
134,['bus'],0.97,"[[76, 68, 469, 323]]","[(272, 196)]",0.0,0,0,0,0,1
135,['truck'],0.96,"[[445, 220, 511, 431]]","[(478, 326)]",0.0,0,0,0,1,0
136,['fire_hydrant'],1.0,"[[110, 313, 500, 473]]","[(305, 393)]",0.0,0,0,0,0,1
137,['fire_hydrant'],0.97,"[[464, 56, 901, 469]]","[(682, 262)]",0.0,0,0,0,0,1
138,['car'],0.94,"[[411, 312, 699, 571]]","[(555, 442)]",0.0,1,0,0,0,0
139,['ambulance'],0.92,"[[160, 410, 547, 620]]","[(354, 515)]",0.0,0,0,1,0,0
140,['truck'],0.75,"[[466, 260, 693, 531]]","[(580, 396)]",0.0,0,0,0,1,0
141,['motorbike'],0.66,"[[95, 396, 151, 421]]","[(123, 408)]",0.0,0,0,0,0,1
142,['motorbike'],0.99,"[[219, 464, 251, 518]]","[(235, 491)]",0.0,0,0,0,0,1
143,['truck'],0.69,"[[115, 283, 432, 714]]","[(274, 498)]",0.0,0,0,0,1,0
144,['ambulance'],0.63,"[[15, 66, 28, 116]]","[(22, 91)]",0.0,0,0,1,0,0
145,['bus'],0.93,"[[430, 0, 778, 78]]","[(604, 39)]",0.0,0,0,0,0,1
146,['fire_hydrant'],0.74,"[[219, 192, 421, 424]]","[(320, 308)]",0.0,0,0,0,0,1
147,['truck'],0.7,"[[390, 348, 702, 728]]","[(546, 538)]",0.0,0,0,0,1,0
148,['truck'],0.77,"[[332, 205, 535, 445]]","[(434, 325)]",0.0,0,0,0,1,0
149,['motorbike'],0.8,"[[46, 44, 478, 319]]","[(262, 182)]",0.0,0,0,0,0,1
150,['car'],0.84,"[[189, 77, 615, 137]]","[(402, 107)]",0.0,1,0,0,0,0
151,['ambulance'],0.83,"[[43, 428, 247, 631]]","[(145, 530)]",0.0,0,0,1,0,0
152,['ambulance'],0.6,"[[169, 479, 446, 730]]","[(308, 604)]",0.0,0,0,1,0,0
153,['car'],0.7,"[[107, 264, 173, 364]]","[(140, 314)]",0.0,1,0,0,0,0
154,['fire_hydrant'],0.96,"[[65, 133, 70, 260]]","[(68, 196)]",0.0,0,0,0,0,1
155,['fire_hydrant'],0.82,"[[98, 39, 173, 478]]","[(136, 258)]",0.0,0,0,0,0,1
156,['fire_hydrant'],0.77,"[[301, 48, 781, 187]]","[(541, 118)]",0.0,0,0,0,0,1
157,['motorbike'],0.99,"[[382, 461, 609, 935]]","[(496, 698)]",0.0,0,0,0,0,1
158,['fire_hydrant'],0.69,"[[11, 466, 399, 606]]","[(205, 536)]",0.0,0,0,0,0,1
159,['ambulance'],0.8,"[[292, 459, 599, 822]]","[(446, 640)]",0.0,0,0,1,0,0
160,['car'],0.8,"[[162, 206, 660, 591]]","[(411, 398)]",0.0,1,0,0,0,0
161,['fire_hydrant'],0.62,"[[261, 372, 684, 865]]","[(472, 618)]",0.0,0,0,0,0,1
162,['ambulance'],0.8,"[[227, 150, 706, 233]]","[(466, 192)]",0.0,0,0,1,0,0
163,['bus'],0.8,"[[418, 445, 438, 580]]","[(428, 512)]",0.0,0,0,0,0,1
164,['ambulance'],0.67,"[[235, 19, 677, 156]]","[(456, 88)]",0.0,0,0,1,0,0
165,['fire_hydrant'],0.85,"[[216, 258, 483, 419]]","[(350, 338)]",0.0,0,0,0,0,1
166,['ambulance'],0.74,"[[163, 411, 239, 610]]","[(201, 510)]",0.0,0,0,1,0,0
167,['car'],0.77,"[[375, 499, 397, 558]]","[(386, 528)]",0.0,1,0,0,0,0
168,['fire_hydrant'],0.62,"[[57, 10, 437, 209]]","[(247, 110)]",0.0,0,0,0,0,1
169,['ambulance'],0.74,"[[273, 267, 440, 521]]","[(356, 394)]",0.0,0,0,1,0,0
170,['fire_hydrant'],0.95,"[[407, 370, 727, 820]]","[(567, 595)]",0.0,0,0,0,0,1
171,['fire_hydrant'],0.64,"[[432, 325, 476, 477]]","[(454, 401)]",0.0,0,0,0,0,1
172,['car'],0.76,"[[271, 56, 696, 87]]","[(484, 72)]",0.0,1,0,0,0,0
173,['motorbike'],0.63,"[[253, 317, 690, 568]]","[(472, 442)]",0.0,0,0,0,0,1
174,['motorbike'],0.73,"[[28, 55, 214, 454]]","[(121, 254)]",0.0,0,0,0,0,1
175,['ambulance'],0.67,"[[404, 250, 670, 415]]","[(537, 332)]",0.0,0,0,1,0,0
176,['car'],0.67,"[[97, 19, 541, 450]]","[(319, 234)]",0.0,1,0,0,0,0
177,['bus'],0.66,"[[231, 209, 570, 708]]","[(400, 458)]",0.0,0,0,0,0,1
178,['truck'],0.69,"[[272, 181, 593, 560]]","[(432, 370)]",0.0,0,0,0,1,0
179,['fire_hydrant'],0.73,"[[85, 123, 188, 514]]","[(136, 318)]",0.0,0,0,0,0,1
180,['truck'],0.89,"[[23, 460, 282, 645]]","[(152, 552)]",0.0,0,0,0,1,0
181,['car'],0.8,"[[318, 310, 650, 446]]","[(484, 378)]",0.0,1,0,0,0,0
182,['car'],0.7,"[[210, 309, 227, 364]]","[(218, 336)]",0.0,1,0,0,0,0
183,['truck'],0.64,"[[277, 56, 674, 101]]","[(476, 78)]",0.0,0,0,0,1,0
184,['car'],0.74,"[[366, 139, 853, 283]]","[(610, 211)]",0.0,1,0,0,0,0
185,['truck'],0.6,"[[131, 286, 261, 668]]","[(196, 477)]",0.0,0,0,0,1,0
186,['fire_hydrant'],0.8,"[[372, 70, 790, 248]]","[(581, 159)]",0.0,0,0,0,0,1
187,['motorbike'],0.73,"[[2, 457, 383, 833]]","[(192, 645)]",0.0,0,0,0,0,1
188,['ambulance'],0.63,"[[335, 404, 750, 694]]","[(542, 549)]",0.0,0,0,1,0,0
189,['bus'],0.61,"[[218, 482, 603, 708]]","[(410, 595)]",0.0,0,0,0,0,1
190,['ambulance'],0.6,"[[254, 408, 294, 563]]","[(274, 486)]",0.0,0,0,1,0,0
191,['ambulance'],0.62,"[[218, 403, 402, 805]]","[(310, 604)]",0.0,0,0,1,0,0
192,['motorbike'],0.83,"[[428, 467, 798, 952]]","[(613, 710)]",0.0,0,0,0,0,1
193,['bus'],0.75,"[[131, 474, 621, 794]]","[(376, 634)]",0.0,0,0,0,0,1
194,['car'],0.81,"[[119, 156, 320, 521]]","[(220, 338)]",0.0,1,0,0,0,0
195,['motorbike'],0.94,"[[31, 471, 79, 855]]","[(55, 663)]",0.0,0,0,0,0,1
196,['car'],0.83,"[[226, 161, 568, 593]]","[(397, 377)]",0.0,1,0,0,0,0
197,['motorbike'],0.68,"[[307, 68, 363, 440]]","[(335, 254)]",0.0,0,0,0,0,1
198,['fire_hydrant'],0.63,"[[104, 131, 520, 437]]","[(312, 284)]",0.0,0,0,0,0,1
199,['truck'],0.94,"[[478, 42, 726, 272]]","[(602, 157)]",0.0,0,0,0,1,0
200,['truck'],0.91,"[[38, 272, 498, 561]]","[(268, 416)]",0.0,0,0,0,1,0
201,['car'],0.68,"[[23, 147, 371, 156]]","[(197, 152)]",0.0,1,0,0,0,0
202,['car'],0.91,"[[308, 416, 572, 702]]","[(440, 559)]",0.0,1,0,0,0,0
203,['bus'],0.69,"[[144, 422, 640, 597]]","[(392, 510)]",0.0,0,0,0,0,1
204,['truck'],0.96,"[[440, 492, 684, 595]]","[(562, 544)]",0.0,0,0,0,1,0
205,['fire_hydrant'],0.66,"[[236, 233, 556, 572]]","[(396, 402)]",0.0,0,0,0,0,1
206,['ambulance'],0.63,"[[23, 65, 354, 414]]","[(188, 240)]",0.0,0,0,1,0,0
207,['fire_hydrant'],0.74,"[[322, 111, 786, 406]]","[(554, 258)]",0.0,0,0,0,0,1
208,['motorbike'],0.98,"[[266, 379, 518, 856]]","[(392, 618)]",0.0,0,0,0,0,1
209,['motorbike'],0.87,"[[399, 200, 672, 543]]","[(536, 372)]",0.0,0,0,0,0,1
210,['motorbike'],0.74,"[[2, 102, 26, 335]]","[(14, 218)]",0.0,0,0,0,0,1
211,['ambulance'],0.75,"[[379, 206, 597, 407]]","[(488, 306)]",0.0,0,0,1,0,0
212,['ambulance'],0.61,"[[473, 147, 735, 318]]","[(604, 232)]",0.0,0,0,1,0,0
213,['fire_hydrant'],0.69,"[[40, 349, 119, 470]]","[(80, 410)]",0.0,0,0,0,0,1
214,['ambulance'],0.67,"[[330, 445, 710, 732]]","[(520, 588)]",0.0,0,0,1,0,0
215,['bus'],0.7,"[[324, 418, 377, 485]]","[(350, 452)]",0.0,0,0,0,0,1
216,['fire_hydrant'],0.7,"[[388, 420, 493, 880]]","[(440, 650)]",0.0,0,0,0,0,1
217,['car'],0.62,"[[132, 201, 373, 642]]","[(252, 422)]",0.0,1,0,0,0,0
218,['bus'],0.63,"[[455, 182, 537, 607]]","[(496, 394)]",0.0,0,0,0,0,1
219,['truck'],0.66,"[[210, 232, 324, 570]]","[(267, 401)]",0.0,0,0,0,1,0
220,['bus'],0.98,"[[51, 34, 149, 314]]","[(100, 174)]",0.0,0,0,0,0,1
221,['bus'],0.87,"[[79, 138, 163, 602]]","[(121, 370)]",0.0,0,0,0,0,1
222,['car'],0.83,"[[382, 86, 870, 91]]","[(626, 88)]",0.0,1,0,0,0,0
223,['fire_hydrant'],0.87,"[[438, 390, 727, 401]]","[(582, 396)]",0.0,0,0,0,0,1
224,['ambulance'],0.87,"[[472, 367, 862, 501]]","[(667, 434)]",0.0,0,0,1,0,0
225,['bus'],0.63,"[[427, 268, 837, 603]]","[(632, 436)]",0.0,0,0,0,0,1
226,['motorbike'],0.91,"[[131, 448, 570, 727]]","[(350, 588)]",0.0,0,0,0,0,1
227,['ambulance'],0.64,"[[270, 428, 548, 554]]","[(409, 491)]",0.0,0,0,1,0,0
228,['fire_hydrant'],0.91,"[[45, 181, 480, 280]]","[(262, 230)]",0.0,0,0,0,0,1
229,['truck'],0.7,"[[403, 266, 835, 303]]","[(619, 284)]",0.0,0,0,0,1,0
230,['car'],0.69,"[[124, 261, 419, 707]]","[(272, 484)]",0.0,1,0,0,0,0
231,['motorbike'],0.95,"[[347, 417, 680, 693]]","[(514, 555)]",0.0,0,0,0,0,1
232,['car'],0.68,"[[205, 49, 422, 394]]","[(314, 222)]",0.0,1,0,0,0,0
233,['bus'],0.78,"[[203, 460, 606, 871]]","[(404, 666)]",0.0,0,0,0,0,1
234,['ambulance'],0.81,"[[419, 306, 867, 355]]","[(643, 330)]",0.0,0,0,1,0,0
235,['fire_hydrant'],0.83,"[[475, 415, 713, 660]]","[(594, 538)]",0.0,0,0,0,0,1
236,['motorbike'],0.79,"[[169, 211, 418, 430]]","[(294, 320)]",0.0,0,0,0,0,1
237,['ambulance'],0.83,"[[436, 167, 498, 520]]","[(467, 344)]",0.0,0,0,1,0,0
238,['motorbike'],0.97,"[[456, 122, 911, 487]]","[(684, 304)]",0.0,0,0,0,0,1
239,['motorbike'],0.7,"[[200, 89, 461, 188]]","[(330, 138)]",0.0,0,0,0,0,1
240,['bus'],0.8,"[[91, 253, 451, 617]]","[(271, 435)]",0.0,0,0,0,0,1
241,['ambulance'],0.99,"[[262, 239, 599, 671]]","[(430, 455)]",0.0,0,0,1,0,0
242,['bus'],0.63,"[[365, 149, 501, 277]]","[(433, 213)]",0.0,0,0,0,0,1
243,['fire_hydrant'],0.83,"[[207, 3, 622, 146]]","[(414, 74)]",0.0,0,0,0,0,1
244,['fire_hydrant'],0.93,"[[348, 306, 665, 591]]","[(506, 448)]",0.0,0,0,0,0,1
245,['car'],0.73,"[[404, 150, 803, 537]]","[(604, 344)]",0.0,1,0,0,0,0
246,['bus'],0.78,"[[144, 426, 552, 817]]","[(348, 622)]",0.0,0,0,0,0,1
247,['motorbike'],0.93,"[[488, 370, 817, 638]]","[(652, 504)]",0.0,0,0,0,0,1
248,['motorbike'],0.83,"[[351, 210, 672, 218]]","[(512, 214)]",0.0,0,0,0,0,1
249,['fire_hydrant'],0.94,"[[250, 128, 699, 212]]","[(474, 170)]",0.0,0,0,0,0,1
250,['fire_hydrant'],0.66,"[[218, 241, 553, 612]]","[(386, 426)]",0.0,0,0,0,0,1
251,['ambulance'],0.89,"[[80, 48, 324, 74]]","[(202, 61)]",0.0,0,0,1,0,0
252,['car'],0.77,"[[174, 445, 664, 590]]","[(419, 518)]",0.0,1,0,0,0,0
253,['fire_hydrant'],0.66,"[[384, 139, 848, 423]]","[(616, 281)]",0.0,0,0,0,0,1
254,['bus'],0.99,"[[382, 195, 520, 196]]","[(451, 196)]",0.0,0,0,0,0,1
255,['car'],0.73,"[[260, 66, 365, 537]]","[(312, 302)]",0.0,1,0,0,0,0
256,['ambulance'],0.75,"[[209, 216, 531, 351]]","[(370, 284)]",0.0,0,0,1,0,0
257,['fire_hydrant'],0.77,"[[278, 485, 557, 606]]","[(418, 546)]",0.0,0,0,0,0,1
258,['car'],0.76,"[[159, 130, 466, 252]]","[(312, 191)]",0.0,1,0,0,0,0
259,['truck'],0.93,"[[206, 283, 281, 776]]","[(244, 530)]",0.0,0,0,0,1,0
260,['motorbike'],0.99,"[[449, 156, 550, 230]]","[(500, 193)]",0.0,0,0,0,0,1
261,['car'],0.81,"[[167, 380, 189, 509]]","[(178, 444)]",0.0,1,0,0,0,0
262,['truck'],0.76,"[[232, 149, 623, 297]]","[(428, 223)]",0.0,0,0,0,1,0
263,['bus'],0.69,"[[29, 480, 492, 772]]","[(260, 626)]",0.0,0,0,0,0,1
264,['motorbike'],0.77,"[[202, 468, 432, 921]]","[(317, 694)]",0.0,0,0,0,0,1
265,['motorbike'],0.72,"[[231, 93, 617, 267]]","[(424, 180)]",0.0,0,0,0,0,1
266,['motorbike'],0.99,"[[381, 479, 866, 718]]","[(624, 598)]",0.0,0,0,0,0,1
267,['truck'],0.83,"[[388, 405, 462, 462]]","[(425, 434)]",0.0,0,0,0,1,0
268,['bus'],0.96,"[[473, 379, 805, 854]]","[(639, 616)]",0.0,0,0,0,0,1
269,['motorbike'],0.7,"[[96, 477, 139, 865]]","[(118, 671)]",0.0,0,0,0,0,1
270,['ambulance'],0.88,"[[338, 85, 573, 221]]","[(456, 153)]",0.0,0,0,1,0,0
271,['ambulance'],0.68,"[[107, 365, 521, 558]]","[(314, 462)]",0.0,0,0,1,0,0
272,['fire_hydrant'],1.0,"[[98, 349, 575, 746]]","[(336, 548)]",0.0,0,0,0,0,1
273,['motorbike'],0.76,"[[56, 304, 119, 329]]","[(88, 316)]",0.0,0,0,0,0,1
274,['bus'],0.83,"[[344, 311, 549, 636]]","[(446, 474)]",0.0,0,0,0,0,1
275,['fire_hydrant'],0.86,"[[342, 51, 505, 286]]","[(424, 168)]",0.0,0,0,0,0,1
276,['bus'],0.77,"[[330, 159, 412, 224]]","[(371, 192)]",0.0,0,0,0,0,1
277,['motorbike'],0.96,"[[179, 477, 320, 487]]","[(250, 482)]",0.0,0,0,0,0,1
278,['fire_hydrant'],0.86,"[[217, 108, 292, 424]]","[(254, 266)]",0.0,0,0,0,0,1
279,['truck'],0.83,"[[84, 50, 123, 225]]","[(104, 138)]",0.0,0,0,0,1,0
280,['truck'],0.96,"[[196, 208, 235, 382]]","[(216, 295)]",0.0,0,0,0,1,0
281,['truck'],0.67,"[[13, 453, 323, 698]]","[(168, 576)]",0.0,0,0,0,1,0
282,['truck'],0.71,"[[86, 447, 483, 530]]","[(284, 488)]",0.0,0,0,0,1,0
283,['truck'],0.75,"[[48, 284, 118, 739]]","[(83, 512)]",0.0,0,0,0,1,0
284,['truck'],0.61,"[[84, 251, 395, 506]]","[(240, 378)]",0.0,0,0,0,1,0
285,['fire_hydrant'],0.79,"[[237, 152, 359, 404]]","[(298, 278)]",0.0,0,0,0,0,1
286,['ambulance'],0.72,"[[33, 306, 489, 307]]","[(261, 306)]",0.0,0,0,1,0,0
287,['car'],0.75,"[[118, 164, 153, 322]]","[(136, 243)]",0.0,1,0,0,0,0
288,['car'],0.96,"[[79, 68, 487, 248]]","[(283, 158)]",0.0,1,0,0,0,0
289,['ambulance'],0.69,"[[410, 351, 631, 672]]","[(520, 512)]",0.0,0,0,1,0,0
290,['car'],0.72,"[[185, 15, 482, 80]]","[(334, 48)]",0.0,1,0,0,0,0
291,['car'],0.62,"[[484, 460, 892, 697]]","[(688, 578)]",0.0,1,0,0,0,0
292,['bus'],0.8,"[[446, 38, 540, 129]]","[(493, 84)]",0.0,0,0,0,0,1
293,['fire_hydrant'],0.74,"[[50, 187, 384, 510]]","[(217, 348)]",0.0,0,0,0,0,1
294,['ambulance'],0.66,"[[223, 204, 698, 645]]","[(460, 424)]",0.0,0,0,1,0,0
295,['ambulance'],0.61,"[[197, 460, 345, 599]]","[(271, 530)]",0.0,0,0,1,0,0
296,['car'],0.99,"[[370, 82, 467, 476]]","[(418, 279)]",0.0,1,0,0,0,0
297,['truck'],0.76,"[[350, 161, 668, 396]]","[(509, 278)]",0.0,0,0,0,1,0
298,['fire_hydrant'],0.88,"[[419, 84, 769, 502]]","[(594, 293)]",0.0,0,0,0,0,1
299,['car'],0.91,"[[472, 121, 842, 540]]","[(657, 330)]",0.0,1,0,0,0,0
300,['car'],0.71,"[[280, 404, 439, 878]]","[(360, 641)]",0.0,1,0,0,0,0
301,['truck'],0.99,"[[153, 371, 646, 714]]","[(400, 542)]",0.0,0,0,0,1,0
302,['truck'],0.78,"[[407, 390, 647, 411]]","[(527, 400)]",0.0,0,0,0,1,0
303,['car'],0.83,"[[376, 176, 532, 603]]","[(454, 390)]",0.0,1,0,0,0,0
304,['ambulance'],0.81,"[[358, 69, 670, 327]]","[(514, 198)]",0.0,0,0,1,0,0
305,['truck'],0.85,"[[214, 424, 583, 886]]","[(398, 655)]",0.0,0,0,0,1,0
306,['motorbike'],0.72,"[[98, 201, 356, 571]]","[(227, 386)]",0.0,0,0,0,0,1
307,['ambulance'],0.99,"[[210, 365, 535, 391]]","[(372, 378)]",0.0,0,0,1,0,0
308,['car'],0.86,"[[43, 214, 248, 460]]","[(146, 337)]",0.0,1,0,0,0,0
309,['motorbike'],0.63,"[[94, 469, 319, 757]]","[(206, 613)]",0.0,0,0,0,0,1
310,['car'],0.63,"[[179, 3, 353, 248]]","[(266, 126)]",0.0,1,0,0,0,0
311,['ambulance'],0.67,"[[499, 372, 796, 447]]","[(648, 410)]",0.0,0,0,1,0,0
312,['bus'],1.0,"[[227, 338, 302, 678]]","[(264, 508)]",0.0,0,0,0,0,1
313,['ambulance'],0.76,"[[106, 306, 597, 467]]","[(352, 386)]",0.0,0,0,1,0,0
314,['bus'],0.85,"[[125, 423, 567, 541]]","[(346, 482)]",0.0,0,0,0,0,1
315,['ambulance'],0.71,"[[464, 227, 729, 628]]","[(596, 428)]",0.0,0,0,1,0,0
316,['fire_hydrant'],0.96,"[[8, 28, 69, 111]]","[(38, 70)]",0.0,0,0,0,0,1
317,['bus'],0.99,"[[272, 150, 477, 355]]","[(374, 252)]",0.0,0,0,0,0,1
318,['bus'],0.97,"[[474, 31, 510, 56]]","[(492, 44)]",0.0,0,0,0,0,1
319,['car'],0.93,"[[428, 237, 888, 586]]","[(658, 412)]",0.0,1,0,0,0,0
320,['car'],0.76,"[[83, 129, 511, 253]]","[(297, 191)]",0.0,1,0,0,0,0
321,['car'],0.75,"[[426, 398, 580, 517]]","[(503, 458)]",0.0,1,0,0,0,0
322,['motorbike'],0.92,"[[348, 240, 374, 374]]","[(361, 307)]",0.0,0,0,0,0,1
323,['fire_hydrant'],0.79,"[[361, 401, 860, 729]]","[(610, 565)]",0.0,0,0,0,0,1
324,['bus'],1.0,"[[339, 94, 546, 249]]","[(442, 172)]",0.0,0,0,0,0,1
325,['car'],0.65,"[[485, 336, 878, 746]]","[(682, 541)]",0.0,1,0,0,0,0
326,['fire_hydrant'],0.83,"[[77, 83, 405, 411]]","[(241, 247)]",0.0,0,0,0,0,1
327,['car'],0.61,"[[246, 179, 315, 601]]","[(280, 390)]",0.0,1,0,0,0,0
328,['motorbike'],0.98,"[[76, 225, 240, 229]]","[(158, 227)]",0.0,0,0,0,0,1
329,['car'],0.86,"[[160, 497, 369, 781]]","[(264, 639)]",0.0,1,0,0,0,0
330,['motorbike'],0.8,"[[78, 185, 172, 314]]","[(125, 250)]",0.0,0,0,0,0,1
331,['motorbike'],0.63,"[[70, 395, 130, 443]]","[(100, 419)]",0.0,0,0,0,0,1
332,['car'],0.7,"[[273, 103, 274, 258]]","[(274, 180)]",0.0,1,0,0,0,0
333,['motorbike'],0.95,"[[381, 395, 526, 844]]","[(454, 620)]",0.0,0,0,0,0,1
334,['motorbike'],0.83,"[[66, 334, 509, 755]]","[(288, 544)]",0.0,0,0,0,0,1
335,['ambulance'],0.78,"[[448, 232, 922, 550]]","[(685, 391)]",0.0,0,0,1,0,0
336,['bus'],0.94,"[[128, 427, 413, 523]]","[(270, 475)]",0.0,0,0,0,0,1
337,['bus'],0.93,"[[45, 305, 74, 778]]","[(60, 542)]",0.0,0,0,0,0,1
338,['bus'],0.62,"[[408, 5, 885, 288]]","[(646, 146)]",0.0,0,0,0,0,1
339,['fire_hydrant'],0.9,"[[128, 118, 447, 210]]","[(288, 164)]",0.0,0,0,0,0,1
340,['ambulance'],0.66,"[[44, 294, 147, 689]]","[(96, 492)]",0.0,0,0,1,0,0
341,['ambulance'],0.86,"[[52, 150, 468, 516]]","[(260, 333)]",0.0,0,0,1,0,0
342,['fire_hydrant'],0.68,"[[376, 365, 405, 392]]","[(390, 378)]",0.0,0,0,0,0,1
343,['motorbike'],0.76,"[[276, 28, 542, 318]]","[(409, 173)]",0.0,0,0,0,0,1
344,['bus'],0.7,"[[131, 298, 257, 425]]","[(194, 362)]",0.0,0,0,0,0,1
345,['fire_hydrant'],0.86,"[[288, 185, 483, 585]]","[(386, 385)]",0.0,0,0,0,0,1
346,['fire_hydrant'],0.93,"[[12, 128, 175, 226]]","[(94, 177)]",0.0,0,0,0,0,1
347,['fire_hydrant'],0.65,"[[478, 86, 570, 420]]","[(524, 253)]",0.0,0,0,0,0,1
348,['fire_hydrant'],0.76,"[[402, 300, 628, 729]]","[(515, 514)]",0.0,0,0,0,0,1
349,['ambulance'],0.66,"[[283, 441, 653, 882]]","[(468, 662)]",0.0,0,0,1,0,0
350,['bus'],0.74,"[[254, 494, 565, 588]]","[(410, 541)]",0.0,0,0,0,0,1
351,['bus'],0.78,"[[273, 259, 358, 758]]","[(316, 508)]",0.0,0,0,0,0,1
352,['car'],0.69,"[[307, 353, 503, 481]]","[(405, 417)]",0.0,1,0,0,0,0
353,['car'],0.89,"[[266, 81, 555, 321]]","[(410, 201)]",0.0,1,0,0,0,0
354,['fire_hydrant'],0.93,"[[263, 490, 517, 602]]","[(390, 546)]",0.0,0,0,0,0,1
355,['ambulance'],0.71,"[[313, 198, 756, 261]]","[(534, 230)]",0.0,0,0,1,0,0
356,['truck'],0.62,"[[463, 158, 522, 536]]","[(492, 347)]",0.0,0,0,0,1,0
357,['car'],0.61,"[[351, 374, 592, 680]]","[(472, 527)]",0.0,1,0,0,0,0
358,['truck'],0.72,"[[99, 307, 103, 602]]","[(101, 454)]",0.0,0,0,0,1,0
359,['fire_hydrant'],0.97,"[[229, 442, 284, 658]]","[(256, 550)]",0.0,0,0,0,0,1
360,['bus'],0.75,"[[161, 110, 523, 461]]","[(342, 286)]",0.0,0,0,0,0,1
361,['motorbike'],0.81,"[[326, 119, 700, 241]]","[(513, 180)]",0.0,0,0,0,0,1
362,['fire_hydrant'],0.89,"[[443, 158, 578, 413]]","[(510, 286)]",0.0,0,0,0,0,1
363,['bus'],0.67,"[[99, 260, 260, 615]]","[(180, 438)]",0.0,0,0,0,0,1
364,['motorbike'],0.64,"[[411, 423, 654, 655]]","[(532, 539)]",0.0,0,0,0,0,1
365,['car'],0.61,"[[455, 416, 813, 741]]","[(634, 578)]",0.0,1,0,0,0,0
366,['motorbike'],0.87,"[[212, 471, 397, 634]]","[(304, 552)]",0.0,0,0,0,0,1
367,['bus'],0.95,"[[17, 348, 167, 674]]","[(92, 511)]",0.0,0,0,0,0,1
368,['truck'],0.63,"[[422, 404, 593, 728]]","[(508, 566)]",0.0,0,0,0,1,0
369,['motorbike'],0.77,"[[431, 323, 553, 333]]","[(492, 328)]",0.0,0,0,0,0,1
370,['fire_hydrant'],0.87,"[[479, 237, 828, 271]]","[(654, 254)]",0.0,0,0,0,0,1
371,['bus'],0.91,"[[46, 476, 289, 570]]","[(168, 523)]",0.0,0,0,0,0,1
372,['fire_hydrant'],0.67,"[[100, 366, 594, 740]]","[(347, 553)]",0.0,0,0,0,0,1
373,['truck'],0.96,"[[466, 333, 559, 350]]","[(512, 342)]",0.0,0,0,0,1,0
374,['motorbike'],0.94,"[[1, 444, 254, 670]]","[(128, 557)]",0.0,0,0,0,0,1
375,['fire_hydrant'],0.98,"[[311, 227, 466, 249]]","[(388, 238)]",0.0,0,0,0,0,1
376,['fire_hydrant'],0.95,"[[340, 426, 758, 882]]","[(549, 654)]",0.0,0,0,0,0,1
377,['motorbike'],0.6,"[[392, 130, 761, 210]]","[(576, 170)]",0.0,0,0,0,0,1
378,['motorbike'],0.82,"[[293, 227, 654, 423]]","[(474, 325)]",0.0,0,0,0,0,1
379,['car'],0.89,"[[293, 380, 577, 569]]","[(435, 474)]",0.0,1,0,0,0,0
380,['car'],0.89,"[[101, 2, 193, 209]]","[(147, 106)]",0.0,1,0,0,0,0
381,['motorbike'],0.67,"[[347, 354, 377, 537]]","[(362, 446)]",0.0,0,0,0,0,1
382,['fire_hydrant'],0.95,"[[260, 239, 565, 603]]","[(412, 421)]",0.0,0,0,0,0,1
383,['bus'],0.81,"[[61, 264, 303, 621]]","[(182, 442)]",0.0,0,0,0,0,1
384,['truck'],0.93,"[[204, 121, 543, 144]]","[(374, 132)]",0.0,0,0,0,1,0
385,['truck'],0.95,"[[227, 18, 235, 77]]","[(231, 48)]",0.0,0,0,0,1,0
386,['motorbike'],0.9,"[[247, 51, 579, 400]]","[(413, 226)]",0.0,0,0,0,0,1
387,['motorbike'],0.78,"[[160, 64, 646, 506]]","[(403, 285)]",0.0,0,0,0,0,1
388,['motorbike'],0.63,"[[228, 230, 241, 376]]","[(234, 303)]",0.0,0,0,0,0,1
389,['fire_hydrant'],0.7,"[[160, 166, 439, 593]]","[(300, 380)]",0.0,0,0,0,0,1
390,['bus'],0.91,"[[373, 401, 494, 717]]","[(434, 559)]",0.0,0,0,0,0,1
391,['motorbike'],0.63,"[[147, 269, 392, 764]]","[(270, 516)]",0.0,0,0,0,0,1
392,['car'],0.96,"[[327, 306, 722, 776]]","[(524, 541)]",0.0,1,0,0,0,0
393,['ambulance'],0.83,"[[479, 181, 654, 504]]","[(566, 342)]",0.0,0,0,1,0,0
394,['bus'],0.65,"[[313, 127, 536, 605]]","[(424, 366)]",0.0,0,0,0,0,1
395,['truck'],0.99,"[[497, 379, 855, 391]]","[(676, 385)]",0.0,0,0,0,1,0
396,['truck'],0.79,"[[118, 236, 219, 588]]","[(168, 412)]",0.0,0,0,0,1,0
397,['ambulance'],0.99,"[[329, 397, 820, 566]]","[(574, 482)]",0.0,0,0,1,0,0
398,['motorbike'],0.97,"[[277, 344, 420, 839]]","[(348, 592)]",0.0,0,0,0,0,1
399,['truck'],0.95,"[[224, 131, 713, 134]]","[(468, 132)]",0.0,0,0,0,1,0
400,['car'],0.74,"[[398, 414, 897, 617]]","[(648, 516)]",0.0,1,0,0,0,0
401,['truck'],0.87,"[[429, 401, 699, 776]]","[(564, 588)]",0.0,0,0,0,1,0
402,['motorbike'],0.63,"[[248, 58, 414, 337]]","[(331, 198)]",0.0,0,0,0,0,1
403,['motorbike'],1.0,"[[393, 63, 536, 417]]","[(464, 240)]",0.0,0,0,0,0,1
404,['car'],0.95,"[[36, 351, 256, 445]]","[(146, 398)]",0.0,1,0,0,0,0
405,['motorbike'],0.86,"[[252, 423, 339, 732]]","[(296, 578)]",0.0,0,0,0,0,1
406,['fire_hydrant'],0.78,"[[140, 182, 580, 585]]","[(360, 384)]",0.0,0,0,0,0,1
407,['fire_hydrant'],0.97,"[[286, 366, 370, 532]]","[(328, 449)]",0.0,0,0,0,0,1
408,['truck'],0.89,"[[482, 136, 717, 477]]","[(600, 306)]",0.0,0,0,0,1,0
409,['truck'],0.78,"[[229, 482, 542, 549]]","[(386, 516)]",0.0,0,0,0,1,0
410,['car'],0.81,"[[338, 145, 553, 458]]","[(446, 302)]",0.0,1,0,0,0,0
411,['truck'],0.85,"[[442, 437, 793, 598]]","[(618, 518)]",0.0,0,0,0,1,0
412,['ambulance'],0.61,"[[4, 162, 431, 177]]","[(218, 170)]",0.0,0,0,1,0,0
413,['bus'],0.69,"[[47, 251, 439, 263]]","[(243, 257)]",0.0,0,0,0,0,1
414,['ambulance'],0.76,"[[60, 72, 212, 566]]","[(136, 319)]",0.0,0,0,1,0,0
415,['bus'],0.66,"[[189, 111, 647, 320]]","[(418, 216)]",0.0,0,0,0,0,1
416,['truck'],0.6,"[[277, 262, 396, 410]]","[(336, 336)]",0.0,0,0,0,1,0
417,['ambulance'],0.63,"[[385, 390, 693, 644]]","[(539, 517)]",0.0,0,0,1,0,0
418,['bus'],0.66,"[[402, 466, 883, 844]]","[(642, 655)]",0.0,0,0,0,0,1
419,['fire_hydrant'],0.96,"[[193, 425, 500, 666]]","[(346, 546)]",0.0,0,0,0,0,1
420,['car'],0.65,"[[384, 417, 858, 536]]","[(621, 476)]",0.0,1,0,0,0,0
421,['motorbike'],0.78,"[[201, 60, 680, 290]]","[(440, 175)]",0.0,0,0,0,0,1
422,['fire_hydrant'],0.97,"[[180, 353, 331, 823]]","[(256, 588)]",0.0,0,0,0,0,1
423,['ambulance'],0.97,"[[385, 334, 456, 544]]","[(420, 439)]",0.0,0,0,1,0,0
424,['car'],0.97,"[[354, 99, 499, 201]]","[(426, 150)]",0.0,1,0,0,0,0
425,['bus'],0.97,"[[428, 494, 747, 822]]","[(588, 658)]",0.0,0,0,0,0,1
426,['ambulance'],0.68,"[[55, 7, 151, 339]]","[(103, 173)]",0.0,0,0,1,0,0
427,['fire_hydrant'],0.99,"[[190, 103, 380, 115]]","[(285, 109)]",0.0,0,0,0,0,1
428,['truck'],0.74,"[[49, 439, 343, 605]]","[(196, 522)]",0.0,0,0,0,1,0
429,['ambulance'],1.0,"[[91, 54, 288, 151]]","[(190, 102)]",0.0,0,0,1,0,0
430,['ambulance'],0.65,"[[279, 189, 777, 419]]","[(528, 304)]",0.0,0,0,1,0,0
431,['motorbike'],0.7,"[[267, 158, 311, 592]]","[(289, 375)]",0.0,0,0,0,0,1
432,['ambulance'],0.72,"[[117, 254, 453, 747]]","[(285, 500)]",0.0,0,0,1,0,0
433,['ambulance'],0.98,"[[101, 82, 339, 276]]","[(220, 179)]",0.0,0,0,1,0,0
434,['bus'],0.7,"[[458, 467, 866, 496]]","[(662, 482)]",0.0,0,0,0,0,1
435,['ambulance'],0.74,"[[359, 245, 801, 639]]","[(580, 442)]",0.0,0,0,1,0,0
436,['truck'],0.87,"[[94, 23, 157, 319]]","[(126, 171)]",0.0,0,0,0,1,0
437,['ambulance'],0.91,"[[61, 271, 126, 373]]","[(94, 322)]",0.0,0,0,1,0,0
438,['ambulance'],0.64,"[[367, 75, 617, 135]]","[(492, 105)]",0.0,0,0,1,0,0
439,['car'],0.98,"[[478, 118, 673, 344]]","[(576, 231)]",0.0,1,0,0,0,0
440,['ambulance'],0.72,"[[394, 404, 747, 468]]","[(570, 436)]",0.0,0,0,1,0,0
441,['motorbike'],0.77,"[[74, 127, 537, 173]]","[(306, 150)]",0.0,0,0,0,0,1
442,['fire_hydrant'],0.88,"[[94, 88, 522, 375]]","[(308, 232)]",0.0,0,0,0,0,1
443,['car'],0.95,"[[421, 448, 465, 714]]","[(443, 581)]",0.0,1,0,0,0,0
444,['truck'],0.92,"[[401, 470, 479, 688]]","[(440, 579)]",0.0,0,0,0,1,0
445,['car'],0.91,"[[427, 34, 765, 490]]","[(596, 262)]",0.0,1,0,0,0,0
446,['car'],0.75,"[[87, 421, 447, 881]]","[(267, 651)]",0.0,1,0,0,0,0
447,['motorbike'],0.93,"[[73, 308, 511, 799]]","[(292, 554)]",0.0,0,0,0,0,1
448,['fire_hydrant'],0.89,"[[384, 470, 845, 733]]","[(614, 602)]",0.0,0,0,0,0,1
449,['motorbike'],0.67,"[[203, 48, 253, 367]]","[(228, 208)]",0.0,0,0,0,0,1
450,['bus'],0.92,"[[168, 202, 593, 449]]","[(380, 326)]",0.0,0,0,0,0,1
451,['truck'],0.72,"[[127, 46, 382, 512]]","[(254, 279)]",0.0,0,0,0,1,0
452,['motorbike'],0.69,"[[254, 311, 513, 539]]","[(384, 425)]",0.0,0,0,0,0,1
453,['motorbike'],0.68,"[[135, 206, 265, 303]]","[(200, 254)]",0.0,0,0,0,0,1
454,['motorbike'],0.77,"[[165, 264, 432, 526]]","[(298, 395)]",0.0,0,0,0,0,1
455,['car'],0.91,"[[43, 280, 156, 487]]","[(100, 384)]",0.0,1,0,0,0,0
456,['bus'],0.77,"[[205, 412, 334, 842]]","[(270, 627)]",0.0,0,0,0,0,1
457,['motorbike'],0.78,"[[65, 195, 104, 460]]","[(84, 328)]",0.0,0,0,0,0,1
458,['bus'],0.99,"[[470, 309, 683, 356]]","[(576, 332)]",0.0,0,0,0,0,1
459,['fire_hydrant'],0.81,"[[140, 371, 324, 555]]","[(232, 463)]",0.0,0,0,0,0,1
460,['fire_hydrant'],0.82,"[[439, 54, 602, 474]]","[(520, 264)]",0.0,0,0,0,0,1
461,['ambulance'],0.62,"[[433, 321, 801, 604]]","[(617, 462)]",0.0,0,0,1,0,0
462,['truck'],0.95,"[[445, 231, 582, 482]]","[(514, 356)]",0.0,0,0,0,1,0
463,['fire_hydrant'],0.96,"[[420, 137, 571, 428]]","[(496, 282)]",0.0,0,0,0,0,1
464,['ambulance'],0.66,"[[174, 144, 373, 419]]","[(274, 282)]",0.0,0,0,1,0,0
465,['car'],0.99,"[[355, 288, 764, 717]]","[(560, 502)]",0.0,1,0,0,0,0
466,['ambulance'],0.9,"[[351, 309, 672, 376]]","[(512, 342)]",0.0,0,0,1,0,0
467,['motorbike'],0.95,"[[327, 437, 588, 726]]","[(458, 582)]",0.0,0,0,0,0,1
468,['truck'],0.78,"[[154, 466, 269, 798]]","[(212, 632)]",0.0,0,0,0,1,0
469,['bus'],0.75,"[[393, 105, 513, 433]]","[(453, 269)]",0.0,0,0,0,0,1
470,['motorbike'],0.97,"[[145, 360, 369, 676]]","[(257, 518)]",0.0,0,0,0,0,1
471,['truck'],0.84,"[[94, 337, 227, 643]]","[(160, 490)]",0.0,0,0,0,1,0
472,['bus'],0.63,"[[320, 496, 509, 597]]","[(414, 546)]",0.0,0,0,0,0,1
473,['fire_hydrant'],0.66,"[[145, 430, 501, 825]]","[(323, 628)]",0.0,0,0,0,0,1
474,['truck'],0.65,"[[322, 145, 813, 430]]","[(568, 288)]",0.0,0,0,0,1,0
475,['fire_hydrant'],0.66,"[[132, 159, 456, 480]]","[(294, 320)]",0.0,0,0,0,0,1
476,['car'],0.93,"[[468, 392, 554, 799]]","[(511, 596)]",0.0,1,0,0,0,0
477,['ambulance'],0.85,"[[258, 325, 516, 618]]","[(387, 472)]",0.0,0,0,1,0,0
478,['car'],0.67,"[[191, 467, 551, 790]]","[(371, 628)]",0.0,1,0,0,0,0
479,['ambulance'],0.98,"[[462, 376, 789, 695]]","[(626, 536)]",0.0,0,0,1,0,0
480,['fire_hydrant'],0.76,"[[166, 169, 217, 410]]","[(192, 290)]",0.0,0,0,0,0,1
481,['car'],0.67,"[[16, 42, 346, 251]]","[(181, 146)]",0.0,1,0,0,0,0
482,['fire_hydrant'],0.72,"[[180, 187, 529, 189]]","[(354, 188)]",0.0,0,0,0,0,1
483,['ambulance'],0.68,"[[43, 457, 499, 650]]","[(271, 554)]",0.0,0,0,1,0,0
484,['bus'],0.77,"[[153, 375, 590, 498]]","[(372, 436)]",0.0,0,0,0,0,1
485,['ambulance'],0.85,"[[398, 441, 725, 577]]","[(562, 509)]",0.0,0,0,1,0,0
486,['car'],0.64,"[[10, 309, 38, 492]]","[(24, 400)]",0.0,1,0,0,0,0
487,['fire_hydrant'],0.64,"[[328, 244, 376, 528]]","[(352, 386)]",0.0,0,0,0,0,1
488,['car'],0.65,"[[424, 249, 687, 596]]","[(556, 422)]",0.0,1,0,0,0,0
489,['fire_hydrant'],0.96,"[[373, 124, 682, 366]]","[(528, 245)]",0.0,0,0,0,0,1
490,['truck'],0.76,"[[233, 15, 645, 256]]","[(439, 136)]",0.0,0,0,0,1,0
491,['motorbike'],0.8,"[[209, 311, 477, 665]]","[(343, 488)]",0.0,0,0,0,0,1
492,['car'],0.89,"[[169, 335, 311, 597]]","[(240, 466)]",0.0,1,0,0,0,0
493,['motorbike'],0.83,"[[301, 372, 700, 475]]","[(500, 424)]",0.0,0,0,0,0,1
494,['bus'],0.8,"[[474, 350, 736, 390]]","[(605, 370)]",0.0,0,0,0,0,1
495,['bus'],0.73,"[[461, 51, 834, 306]]","[(648, 178)]",0.0,0,0,0,0,1
496,['motorbike'],0.67,"[[85, 433, 276, 804]]","[(180, 618)]",0.0,0,0,0,0,1
497,['bus'],0.79,"[[21, 91, 197, 303]]","[(109, 197)]",0.0,0,0,0,0,1
498,['motorbike'],0.88,"[[435, 77, 526, 503]]","[(480, 290)]",0.0,0,0,0,0,1
499,['ambulance'],0.94,"[[455, 470, 755, 899]]","[(605, 684)]",0.0,0,0,1,0,0
500,['car'],0.96,"[[225, 148, 274, 231]]","[(250, 190)]",0.0,1,0,0,0,0
501,['car'],0.76,"[[449, 42, 675, 390]]","[(562, 216)]",0.0,1,0,0,0,0
502,['motorbike'],0.7,"[[497, 70, 691, 139]]","[(594, 104)]",0.0,0,0,0,0,1
503,['car'],0.8,"[[438, 248, 561, 667]]","[(500, 458)]",0.0,1,0,0,0,0
504,['fire_hydrant'],0.79,"[[69, 334, 353, 342]]","[(211, 338)]",0.0,0,0,0,0,1
505,['fire_hydrant'],0.96,"[[149, 290, 170, 767]]","[(160, 528)]",0.0,0,0,0,0,1
506,['bus'],0.86,"[[399, 232, 430, 563]]","[(414, 398)]",0.0,0,0,0,0,1
507,['bus'],0.88,"[[439, 438, 602, 569]]","[(520, 504)]",0.0,0,0,0,0,1
508,['truck'],0.8,"[[489, 175, 734, 575]]","[(612, 375)]",0.0,0,0,0,1,0
509,['bus'],0.75,"[[85, 121, 235, 249]]","[(160, 185)]",0.0,0,0,0,0,1
510,['car'],0.95,"[[226, 45, 280, 208]]","[(253, 126)]",0.0,1,0,0,0,0
511,['car'],0.67,"[[9, 194, 195, 538]]","[(102, 366)]",0.0,1,0,0,0,0
512,['motorbike'],0.64,"[[126, 256, 156, 432]]","[(141, 344)]",0.0,0,0,0,0,1
513,['car'],0.65,"[[449, 464, 807, 547]]","[(628, 506)]",0.0,1,0,0,0,0
514,['ambulance'],0.98,"[[110, 133, 142, 165]]","[(126, 149)]",0.0,0,0,1,0,0
515,['motorbike'],0.95,"[[143, 341, 463, 782]]","[(303, 562)]",0.0,0,0,0,0,1
516,['fire_hydrant'],0.71,"[[255, 265, 324, 536]]","[(290, 400)]",0.0,0,0,0,0,1
517,['bus'],0.97,"[[214, 173, 401, 635]]","[(308, 404)]",0.0,0,0,0,0,1
518,['car'],0.62,"[[377, 478, 743, 586]]","[(560, 532)]",0.0,1,0,0,0,0
519,['fire_hydrant'],0.76,"[[285, 157, 445, 514]]","[(365, 336)]",0.0,0,0,0,0,1
520,['fire_hydrant'],0.85,"[[435, 455, 638, 529]]","[(536, 492)]",0.0,0,0,0,0,1
521,['ambulance'],0.95,"[[116, 204, 254, 687]]","[(185, 446)]",0.0,0,0,1,0,0
522,['bus'],0.91,"[[372, 333, 512, 491]]","[(442, 412)]",0.0,0,0,0,0,1
523,['ambulance'],0.81,"[[358, 369, 803, 494]]","[(580, 432)]",0.0,0,0,1,0,0
524,['car'],0.86,"[[35, 137, 308, 225]]","[(172, 181)]",0.0,1,0,0,0,0
525,['ambulance'],0.86,"[[456, 244, 482, 275]]","[(469, 260)]",0.0,0,0,1,0,0
526,['ambulance'],0.81,"[[376, 96, 739, 155]]","[(558, 126)]",0.0,0,0,1,0,0
527,['truck'],0.82,"[[399, 272, 538, 287]]","[(468, 280)]",0.0,0,0,0,1,0
528,['ambulance'],0.92,"[[34, 259, 79, 651]]","[(56, 455)]",0.0,0,0,1,0,0
529,['truck'],0.78,"[[56, 217, 358, 685]]","[(207, 451)]",0.0,0,0,0,1,0
530,['bus'],0.86,"[[482, 363, 943, 723]]","[(712, 543)]",0.0,0,0,0,0,1
531,['motorbike'],0.8,"[[232, 173, 375, 255]]","[(304, 214)]",0.0,0,0,0,0,1
532,['ambulance'],0.92,"[[33, 263, 311, 347]]","[(172, 305)]",0.0,0,0,1,0,0
533,['ambulance'],0.97,"[[95, 135, 401, 146]]","[(248, 140)]",0.0,0,0,1,0,0
534,['ambulance'],0.64,"[[358, 71, 521, 505]]","[(440, 288)]",0.0,0,0,1,0,0
535,['fire_hydrant'],0.71,"[[212, 347, 249, 474]]","[(230, 410)]",0.0,0,0,0,0,1
536,['truck'],0.62,"[[104, 198, 479, 666]]","[(292, 432)]",0.0,0,0,0,1,0
537,['fire_hydrant'],0.72,"[[330, 168, 536, 534]]","[(433, 351)]",0.0,0,0,0,0,1
538,['motorbike'],0.64,"[[158, 97, 606, 419]]","[(382, 258)]",0.0,0,0,0,0,1
539,['bus'],0.69,"[[63, 481, 100, 687]]","[(82, 584)]",0.0,0,0,0,0,1
540,['ambulance'],0.7,"[[87, 290, 359, 632]]","[(223, 461)]",0.0,0,0,1,0,0
541,['bus'],0.94,"[[310, 3, 599, 431]]","[(454, 217)]",0.0,0,0,0,0,1
542,['motorbike'],0.75,"[[207, 60, 535, 455]]","[(371, 258)]",0.0,0,0,0,0,1
543,['truck'],0.73,"[[411, 99, 571, 128]]","[(491, 114)]",0.0,0,0,0,1,0
544,['ambulance'],0.66,"[[88, 334, 366, 679]]","[(227, 506)]",0.0,0,0,1,0,0
545,['ambulance'],0.88,"[[80, 413, 218, 528]]","[(149, 470)]",0.0,0,0,1,0,0
546,['motorbike'],0.8,"[[442, 259, 707, 423]]","[(574, 341)]",0.0,0,0,0,0,1
547,['truck'],0.61,"[[93, 400, 167, 861]]","[(130, 630)]",0.0,0,0,0,1,0
548,['bus'],0.75,"[[366, 97, 691, 407]]","[(528, 252)]",0.0,0,0,0,0,1
549,['truck'],0.91,"[[15, 453, 375, 592]]","[(195, 522)]",0.0,0,0,0,1,0
550,['ambulance'],0.91,"[[234, 270, 415, 451]]","[(324, 360)]",0.0,0,0,1,0,0
551,['ambulance'],0.77,"[[496, 172, 801, 364]]","[(648, 268)]",0.0,0,0,1,0,0
552,['bus'],0.78,"[[307, 441, 513, 911]]","[(410, 676)]",0.0,0,0,0,0,1
553,['motorbike'],0.65,"[[338, 62, 720, 298]]","[(529, 180)]",0.0,0,0,0,0,1
554,['fire_hydrant'],0.66,"[[133, 250, 202, 275]]","[(168, 262)]",0.0,0,0,0,0,1
555,['car'],0.7,"[[329, 250, 443, 508]]","[(386, 379)]",0.0,1,0,0,0,0
556,['car'],0.95,"[[244, 64, 297, 385]]","[(270, 224)]",0.0,1,0,0,0,0
557,['truck'],0.69,"[[154, 384, 639, 790]]","[(396, 587)]",0.0,0,0,0,1,0
558,['fire_hydrant'],0.97,"[[241, 303, 628, 516]]","[(434, 410)]",0.0,0,0,0,0,1
559,['fire_hydrant'],0.69,"[[120, 465, 502, 754]]","[(311, 610)]",0.0,0,0,0,0,1
560,['ambulance'],0.66,"[[359, 385, 570, 655]]","[(464, 520)]",0.0,0,0,1,0,0
561,['fire_hydrant'],0.71,"[[68, 144, 331, 221]]","[(200, 182)]",0.0,0,0,0,0,1
562,['car'],0.91,"[[491, 463, 785, 777]]","[(638, 620)]",0.0,1,0,0,0,0
563,['bus'],0.8,"[[347, 85, 374, 118]]","[(360, 102)]",0.0,0,0,0,0,1
564,['motorbike'],0.74,"[[346, 493, 523, 770]]","[(434, 632)]",0.0,0,0,0,0,1
565,['bus'],0.64,"[[341, 496, 689, 804]]","[(515, 650)]",0.0,0,0,0,0,1
566,['motorbike'],0.96,"[[35, 431, 77, 845]]","[(56, 638)]",0.0,0,0,0,0,1
567,['car'],0.94,"[[100, 220, 320, 264]]","[(210, 242)]",0.0,1,0,0,0,0
568,['motorbike'],0.95,"[[216, 295, 669, 536]]","[(442, 416)]",0.0,0,0,0,0,1
569,['bus'],0.91,"[[65, 186, 234, 542]]","[(150, 364)]",0.0,0,0,0,0,1
570,['car'],0.95,"[[83, 129, 151, 324]]","[(117, 226)]",0.0,1,0,0,0,0
571,['motorbike'],0.65,"[[214, 65, 626, 325]]","[(420, 195)]",0.0,0,0,0,0,1
572,['motorbike'],0.6,"[[174, 171, 195, 560]]","[(184, 366)]",0.0,0,0,0,0,1
573,['truck'],0.99,"[[357, 213, 483, 477]]","[(420, 345)]",0.0,0,0,0,1,0
574,['motorbike'],0.79,"[[341, 153, 810, 535]]","[(576, 344)]",0.0,0,0,0,0,1
575,['ambulance'],0.81,"[[445, 140, 662, 395]]","[(554, 268)]",0.0,0,0,1,0,0
576,['ambulance'],0.67,"[[478, 416, 902, 746]]","[(690, 581)]",0.0,0,0,1,0,0
577,['ambulance'],0.76,"[[5, 117, 186, 375]]","[(96, 246)]",0.0,0,0,1,0,0
578,['bus'],0.91,"[[387, 446, 584, 465]]","[(486, 456)]",0.0,0,0,0,0,1
579,['ambulance'],0.61,"[[38, 60, 325, 329]]","[(182, 194)]",0.0,0,0,1,0,0
580,['car'],0.61,"[[47, 386, 465, 760]]","[(256, 573)]",0.0,1,0,0,0,0
581,['ambulance'],0.96,"[[82, 208, 334, 260]]","[(208, 234)]",0.0,0,0,1,0,0
582,['ambulance'],0.96,"[[283, 94, 705, 330]]","[(494, 212)]",0.0,0,0,1,0,0
583,['bus'],0.79,"[[344, 319, 684, 373]]","[(514, 346)]",0.0,0,0,0,0,1
584,['ambulance'],0.89,"[[454, 411, 716, 833]]","[(585, 622)]",0.0,0,0,1,0,0
585,['truck'],0.69,"[[92, 112, 482, 259]]","[(287, 186)]",0.0,0,0,0,1,0
586,['ambulance'],0.75,"[[39, 418, 250, 714]]","[(144, 566)]",0.0,0,0,1,0,0
587,['fire_hydrant'],0.67,"[[347, 225, 379, 618]]","[(363, 422)]",0.0,0,0,0,0,1
588,['truck'],0.72,"[[277, 309, 379, 501]]","[(328, 405)]",0.0,0,0,0,1,0
589,['motorbike'],0.69,"[[495, 467, 931, 631]]","[(713, 549)]",0.0,0,0,0,0,1
590,['motorbike'],0.77,"[[449, 150, 890, 533]]","[(670, 342)]",0.0,0,0,0,0,1
591,['bus'],0.66,"[[57, 218, 231, 464]]","[(144, 341)]",0.0,0,0,0,0,1
592,['truck'],0.71,"[[365, 209, 418, 669]]","[(392, 439)]",0.0,0,0,0,1,0
593,['bus'],0.86,"[[471, 18, 800, 465]]","[(636, 242)]",0.0,0,0,0,0,1
594,['fire_hydrant'],0.98,"[[497, 368, 918, 449]]","[(708, 408)]",0.0,0,0,0,0,1
595,['ambulance'],0.86,"[[378, 258, 654, 435]]","[(516, 346)]",0.0,0,0,1,0,0
596,['fire_hydrant'],0.78,"[[40, 302, 301, 492]]","[(170, 397)]",0.0,0,0,0,0,1
597,['bus'],0.97,"[[242, 277, 530, 570]]","[(386, 424)]",0.0,0,0,0,0,1
598,['truck'],0.76,"[[52, 105, 271, 351]]","[(162, 228)]",0.0,0,0,0,1,0
599,['truck'],0.83,"[[308, 318, 763, 362]]","[(536, 340)]",0.0,0,0,0,1,0
600,['truck'],0.64,"[[145, 354, 214, 361]]","[(180, 358)]",0.0,0,0,0,1,0
601,['bus'],0.98,"[[85, 332, 487, 629]]","[(286, 480)]",0.0,0,0,0,0,1
602,['bus'],1.0,"[[307, 468, 497, 944]]","[(402, 706)]",0.0,0,0,0,0,1
603,['bus'],0.89,"[[234, 148, 635, 553]]","[(434, 350)]",0.0,0,0,0,0,1
604,['car'],0.97,"[[473, 242, 827, 631]]","[(650, 436)]",0.0,1,0,0,0,0
605,['ambulance'],0.84,"[[393, 344, 874, 631]]","[(634, 488)]",0.0,0,0,1,0,0
606,['bus'],0.79,"[[320, 482, 701, 787]]","[(510, 634)]",0.0,0,0,0,0,1
607,['motorbike'],0.67,"[[385, 20, 574, 303]]","[(480, 162)]",0.0,0,0,0,0,1
608,['ambulance'],0.84,"[[179, 418, 381, 722]]","[(280, 570)]",0.0,0,0,1,0,0
609,['ambulance'],0.99,"[[143, 353, 491, 569]]","[(317, 461)]",0.0,0,0,1,0,0
610,['fire_hydrant'],0.96,"[[264, 157, 299, 468]]","[(282, 312)]",0.0,0,0,0,0,1
611,['motorbike'],0.75,"[[456, 220, 754, 598]]","[(605, 409)]",0.0,0,0,0,0,1
612,['bus'],0.81,"[[432, 430, 717, 485]]","[(574, 458)]",0.0,0,0,0,0,1
613,['truck'],1.0,"[[149, 86, 466, 521]]","[(308, 304)]",0.0,0,0,0,1,0
614,['bus'],0.69,"[[245, 14, 582, 274]]","[(414, 144)]",0.0,0,0,0,0,1
615,['ambulance'],0.94,"[[61, 485, 112, 657]]","[(86, 571)]",0.0,0,0,1,0,0
616,['ambulance'],0.84,"[[342, 195, 678, 466]]","[(510, 330)]",0.0,0,0,1,0,0
617,['motorbike'],0.91,"[[489, 15, 513, 363]]","[(501, 189)]",0.0,0,0,0,0,1
618,['ambulance'],0.86,"[[185, 481, 220, 699]]","[(202, 590)]",0.0,0,0,1,0,0
619,['truck'],0.81,"[[325, 3, 761, 239]]","[(543, 121)]",0.0,0,0,0,1,0
620,['motorbike'],0.74,"[[426, 269, 462, 380]]","[(444, 324)]",0.0,0,0,0,0,1
621,['motorbike'],0.86,"[[136, 465, 632, 934]]","[(384, 700)]",0.0,0,0,0,0,1
622,['truck'],0.93,"[[275, 449, 436, 575]]","[(356, 512)]",0.0,0,0,0,1,0
623,['truck'],0.76,"[[42, 233, 519, 305]]","[(280, 269)]",0.0,0,0,0,1,0
624,['truck'],0.74,"[[175, 155, 361, 321]]","[(268, 238)]",0.0,0,0,0,1,0
625,['truck'],0.82,"[[494, 363, 984, 455]]","[(739, 409)]",0.0,0,0,0,1,0
626,['truck'],0.7,"[[175, 194, 197, 400]]","[(186, 297)]",0.0,0,0,0,1,0
627,['fire_hydrant'],0.81,"[[76, 485, 359, 720]]","[(218, 602)]",0.0,0,0,0,0,1
628,['car'],0.99,"[[309, 437, 418, 586]]","[(364, 512)]",0.0,1,0,0,0,0
629,['bus'],0.63,"[[220, 123, 421, 344]]","[(320, 234)]",0.0,0,0,0,0,1
630,['truck'],0.87,"[[261, 100, 634, 347]]","[(448, 224)]",0.0,0,0,0,1,0
631,['car'],0.69,"[[252, 418, 405, 846]]","[(328, 632)]",0.0,1,0,0,0,0
632,['bus'],0.8,"[[223, 270, 511, 714]]","[(367, 492)]",0.0,0,0,0,0,1
633,['car'],0.79,"[[333, 392, 407, 692]]","[(370, 542)]",0.0,1,0,0,0,0
634,['fire_hydrant'],0.61,"[[58, 197, 415, 216]]","[(236, 206)]",0.0,0,0,0,0,1
635,['fire_hydrant'],0.87,"[[335, 242, 697, 559]]","[(516, 400)]",0.0,0,0,0,0,1
636,['bus'],0.62,"[[409, 283, 541, 739]]","[(475, 511)]",0.0,0,0,0,0,1
637,['truck'],0.78,"[[172, 463, 367, 505]]","[(270, 484)]",0.0,0,0,0,1,0
638,['truck'],0.66,"[[92, 313, 386, 341]]","[(239, 327)]",0.0,0,0,0,1,0
639,['ambulance'],0.6,"[[491, 423, 819, 765]]","[(655, 594)]",0.0,0,0,1,0,0
640,['bus'],0.66,"[[65, 413, 337, 488]]","[(201, 450)]",0.0,0,0,0,0,1
641,['ambulance'],0.77,"[[467, 271, 890, 426]]","[(678, 348)]",0.0,0,0,1,0,0
642,['fire_hydrant'],0.82,"[[319, 214, 338, 441]]","[(328, 328)]",0.0,0,0,0,0,1
643,['fire_hydrant'],0.72,"[[369, 391, 528, 863]]","[(448, 627)]",0.0,0,0,0,0,1
644,['bus'],0.64,"[[182, 60, 322, 355]]","[(252, 208)]",0.0,0,0,0,0,1
645,['bus'],0.89,"[[213, 154, 407, 464]]","[(310, 309)]",0.0,0,0,0,0,1
646,['bus'],0.97,"[[467, 346, 603, 716]]","[(535, 531)]",0.0,0,0,0,0,1
647,['truck'],1.0,"[[307, 56, 801, 119]]","[(554, 88)]",0.0,0,0,0,1,0
648,['ambulance'],1.0,"[[322, 15, 814, 378]]","[(568, 196)]",0.0,0,0,1,0,0
649,['motorbike'],0.77,"[[357, 427, 401, 670]]","[(379, 548)]",0.0,0,0,0,0,1
650,['ambulance'],0.74,"[[168, 397, 278, 541]]","[(223, 469)]",0.0,0,0,1,0,0
651,['motorbike'],0.87,"[[404, 398, 439, 413]]","[(422, 406)]",0.0,0,0,0,0,1
652,['motorbike'],0.62,"[[157, 32, 242, 425]]","[(200, 228)]",0.0,0,0,0,0,1
653,['fire_hydrant'],0.74,"[[75, 14, 339, 154]]","[(207, 84)]",0.0,0,0,0,0,1
654,['fire_hydrant'],0.61,"[[173, 427, 271, 868]]","[(222, 648)]",0.0,0,0,0,0,1
655,['fire_hydrant'],0.87,"[[483, 488, 681, 490]]","[(582, 489)]",0.0,0,0,0,0,1
656,['motorbike'],0.94,"[[345, 90, 541, 219]]","[(443, 154)]",0.0,0,0,0,0,1
657,['truck'],0.76,"[[455, 213, 925, 420]]","[(690, 316)]",0.0,0,0,0,1,0
658,['motorbike'],0.7,"[[46, 316, 522, 769]]","[(284, 542)]",0.0,0,0,0,0,1
659,['bus'],0.64,"[[204, 394, 253, 764]]","[(228, 579)]",0.0,0,0,0,0,1
660,['bus'],0.63,"[[445, 338, 928, 658]]","[(686, 498)]",0.0,0,0,0,0,1
661,['motorbike'],0.64,"[[305, 64, 473, 484]]","[(389, 274)]",0.0,0,0,0,0,1
662,['car'],0.94,"[[220, 155, 418, 161]]","[(319, 158)]",0.0,1,0,0,0,0
663,['fire_hydrant'],0.81,"[[198, 160, 360, 343]]","[(279, 252)]",0.0,0,0,0,0,1
664,['ambulance'],0.93,"[[468, 240, 924, 442]]","[(696, 341)]",0.0,0,0,1,0,0
665,['truck'],0.62,"[[391, 62, 649, 233]]","[(520, 148)]",0.0,0,0,0,1,0
666,['fire_hydrant'],0.74,"[[433, 12, 510, 443]]","[(472, 228)]",0.0,0,0,0,0,1
667,['car'],0.81,"[[30, 338, 38, 736]]","[(34, 537)]",0.0,1,0,0,0,0
668,['motorbike'],0.99,"[[198, 273, 309, 492]]","[(254, 382)]",0.0,0,0,0,0,1
669,['fire_hydrant'],0.79,"[[292, 113, 595, 546]]","[(444, 330)]",0.0,0,0,0,0,1
670,['motorbike'],0.83,"[[468, 339, 521, 421]]","[(494, 380)]",0.0,0,0,0,0,1
671,['ambulance'],0.72,"[[134, 327, 322, 481]]","[(228, 404)]",0.0,0,0,1,0,0
672,['ambulance'],0.95,"[[394, 446, 524, 616]]","[(459, 531)]",0.0,0,0,1,0,0
673,['car'],0.86,"[[18, 238, 363, 282]]","[(190, 260)]",0.0,1,0,0,0,0
674,['motorbike'],0.94,"[[348, 292, 763, 629]]","[(556, 460)]",0.0,0,0,0,0,1
675,['truck'],0.74,"[[447, 238, 544, 660]]","[(496, 449)]",0.0,0,0,0,1,0
676,['truck'],0.8,"[[150, 437, 330, 773]]","[(240, 605)]",0.0,0,0,0,1,0
677,['motorbike'],0.68,"[[50, 404, 491, 560]]","[(270, 482)]",0.0,0,0,0,0,1
678,['bus'],0.74,"[[395, 434, 721, 893]]","[(558, 664)]",0.0,0,0,0,0,1
679,['motorbike'],0.91,"[[325, 240, 664, 288]]","[(494, 264)]",0.0,0,0,0,0,1
680,['fire_hydrant'],0.77,"[[24, 276, 329, 459]]","[(176, 368)]",0.0,0,0,0,0,1
681,['car'],0.61,"[[275, 267, 436, 526]]","[(356, 396)]",0.0,1,0,0,0,0
682,['truck'],0.87,"[[343, 106, 506, 275]]","[(424, 190)]",0.0,0,0,0,1,0
683,['ambulance'],0.88,"[[130, 20, 610, 115]]","[(370, 68)]",0.0,0,0,1,0,0
684,['car'],0.61,"[[63, 353, 333, 449]]","[(198, 401)]",0.0,1,0,0,0,0
685,['bus'],0.71,"[[333, 381, 750, 455]]","[(542, 418)]",0.0,0,0,0,0,1
686,['truck'],0.9,"[[248, 193, 584, 644]]","[(416, 418)]",0.0,0,0,0,1,0
687,['fire_hydrant'],0.97,"[[34, 249, 256, 304]]","[(145, 276)]",0.0,0,0,0,0,1
688,['fire_hydrant'],0.81,"[[240, 57, 660, 370]]","[(450, 214)]",0.0,0,0,0,0,1
689,['bus'],0.87,"[[365, 468, 688, 812]]","[(526, 640)]",0.0,0,0,0,0,1
690,['bus'],0.63,"[[46, 28, 193, 297]]","[(120, 162)]",0.0,0,0,0,0,1
691,['motorbike'],0.83,"[[192, 254, 324, 487]]","[(258, 370)]",0.0,0,0,0,0,1
692,['ambulance'],0.68,"[[94, 151, 339, 294]]","[(216, 222)]",0.0,0,0,1,0,0
693,['motorbike'],0.67,"[[69, 186, 523, 608]]","[(296, 397)]",0.0,0,0,0,0,1
694,['bus'],0.69,"[[230, 399, 597, 475]]","[(414, 437)]",0.0,0,0,0,0,1
695,['truck'],0.65,"[[185, 232, 381, 513]]","[(283, 372)]",0.0,0,0,0,1,0
696,['truck'],0.75,"[[72, 184, 116, 330]]","[(94, 257)]",0.0,0,0,0,1,0
697,['truck'],0.75,"[[458, 483, 634, 758]]","[(546, 620)]",0.0,0,0,0,1,0
698,['motorbike'],0.75,"[[207, 405, 371, 469]]","[(289, 437)]",0.0,0,0,0,0,1
699,['motorbike'],0.78,"[[291, 351, 415, 623]]","[(353, 487)]",0.0,0,0,0,0,1
700,['truck'],0.68,"[[116, 82, 384, 289]]","[(250, 186)]",0.0,0,0,0,1,0
701,['car'],0.97,"[[329, 163, 491, 521]]","[(410, 342)]",0.0,1,0,0,0,0
702,['car'],0.73,"[[161, 488, 244, 644]]","[(202, 566)]",0.0,1,0,0,0,0
703,['car'],0.75,"[[403, 213, 549, 352]]","[(476, 282)]",0.0,1,0,0,0,0
704,['car'],0.87,"[[39, 445, 427, 863]]","[(233, 654)]",0.0,1,0,0,0,0
705,['bus'],0.84,"[[220, 62, 408, 291]]","[(314, 176)]",0.0,0,0,0,0,1
706,['car'],0.84,"[[466, 449, 922, 625]]","[(694, 537)]",0.0,1,0,0,0,0
707,['bus'],0.88,"[[103, 308, 294, 695]]","[(198, 502)]",0.0,0,0,0,0,1
708,['bus'],0.7,"[[334, 289, 688, 459]]","[(511, 374)]",0.0,0,0,0,0,1
709,['ambulance'],0.77,"[[253, 247, 576, 449]]","[(414, 348)]",0.0,0,0,1,0,0
710,['truck'],0.91,"[[395, 116, 645, 134]]","[(520, 125)]",0.0,0,0,0,1,0
711,['car'],0.61,"[[12, 140, 187, 616]]","[(100, 378)]",0.0,1,0,0,0,0
712,['ambulance'],0.64,"[[156, 154, 487, 643]]","[(322, 398)]",0.0,0,0,1,0,0
713,['truck'],0.75,"[[463, 419, 497, 422]]","[(480, 420)]",0.0,0,0,0,1,0
714,['car'],0.76,"[[364, 223, 418, 344]]","[(391, 284)]",0.0,1,0,0,0,0
715,['motorbike'],0.83,"[[139, 86, 156, 90]]","[(148, 88)]",0.0,0,0,0,0,1
716,['truck'],0.95,"[[190, 203, 618, 550]]","[(404, 376)]",0.0,0,0,0,1,0
717,['bus'],0.91,"[[123, 378, 312, 728]]","[(218, 553)]",0.0,0,0,0,0,1
718,['fire_hydrant'],0.64,"[[478, 264, 706, 757]]","[(592, 510)]",0.0,0,0,0,0,1
719,['bus'],0.97,"[[453, 198, 454, 378]]","[(454, 288)]",0.0,0,0,0,0,1
720,['ambulance'],0.95,"[[331, 164, 575, 504]]","[(453, 334)]",0.0,0,0,1,0,0
721,['truck'],0.73,"[[416, 101, 674, 453]]","[(545, 277)]",0.0,0,0,0,1,0
722,['motorbike'],0.94,"[[267, 232, 342, 471]]","[(304, 352)]",0.0,0,0,0,0,1
723,['car'],0.66,"[[417, 25, 690, 265]]","[(554, 145)]",0.0,1,0,0,0,0
724,['fire_hydrant'],0.74,"[[54, 27, 240, 198]]","[(147, 112)]",0.0,0,0,0,0,1
725,['fire_hydrant'],0.95,"[[387, 191, 856, 297]]","[(622, 244)]",0.0,0,0,0,0,1
726,['fire_hydrant'],0.66,"[[99, 318, 563, 656]]","[(331, 487)]",0.0,0,0,0,0,1
727,['ambulance'],0.94,"[[240, 97, 690, 112]]","[(465, 104)]",0.0,0,0,1,0,0
728,['truck'],0.79,"[[281, 308, 433, 790]]","[(357, 549)]",0.0,0,0,0,1,0
729,['bus'],0.68,"[[323, 29, 391, 155]]","[(357, 92)]",0.0,0,0,0,0,1
730,['bus'],0.66,"[[65, 32, 360, 34]]","[(212, 33)]",0.0,0,0,0,0,1
731,['bus'],0.78,"[[266, 291, 310, 602]]","[(288, 446)]",0.0,0,0,0,0,1
732,['bus'],0.82,"[[140, 287, 166, 689]]","[(153, 488)]",0.0,0,0,0,0,1
733,['motorbike'],0.82,"[[318, 339, 454, 797]]","[(386, 568)]",0.0,0,0,0,0,1
734,['ambulance'],0.66,"[[53, 216, 405, 554]]","[(229, 385)]",0.0,0,0,1,0,0
735,['bus'],0.86,"[[226, 270, 605, 609]]","[(416, 440)]",0.0,0,0,0,0,1
736,['car'],0.85,"[[30, 209, 389, 419]]","[(210, 314)]",0.0,1,0,0,0,0
737,['bus'],0.74,"[[234, 317, 532, 725]]","[(383, 521)]",0.0,0,0,0,0,1
738,['truck'],0.92,"[[40, 217, 381, 607]]","[(210, 412)]",0.0,0,0,0,1,0
739,['fire_hydrant'],0.94,"[[176, 368, 640, 561]]","[(408, 464)]",0.0,0,0,0,0,1
740,['car'],0.76,"[[340, 384, 613, 793]]","[(476, 588)]",0.0,1,0,0,0,0
741,['ambulance'],0.6,"[[220, 313, 486, 466]]","[(353, 390)]",0.0,0,0,1,0,0
742,['motorbike'],0.69,"[[314, 279, 500, 728]]","[(407, 504)]",0.0,0,0,0,0,1
743,['ambulance'],0.82,"[[115, 99, 607, 107]]","[(361, 103)]",0.0,0,0,1,0,0
744,['motorbike'],0.82,"[[105, 288, 124, 652]]","[(114, 470)]",0.0,0,0,0,0,1
745,['truck'],0.66,"[[299, 472, 614, 879]]","[(456, 676)]",0.0,0,0,0,1,0
746,['bus'],0.89,"[[184, 410, 483, 711]]","[(334, 560)]",0.0,0,0,0,0,1
747,['truck'],0.82,"[[398, 346, 495, 367]]","[(446, 356)]",0.0,0,0,0,1,0
748,['car'],0.87,"[[363, 446, 727, 739]]","[(545, 592)]",0.0,1,0,0,0,0
749,['fire_hydrant'],0.91,"[[215, 21, 394, 307]]","[(304, 164)]",0.0,0,0,0,0,1
750,['truck'],0.74,"[[43, 442, 414, 698]]","[(228, 570)]",0.0,0,0,0,1,0
751,['fire_hydrant'],0.9,"[[40, 465, 538, 591]]","[(289, 528)]",0.0,0,0,0,0,1
752,['ambulance'],0.6,"[[112, 350, 305, 667]]","[(208, 508)]",0.0,0,0,1,0,0
753,['bus'],0.95,"[[146, 94, 163, 218]]","[(154, 156)]",0.0,0,0,0,0,1
754,['bus'],0.78,"[[167, 157, 313, 441]]","[(240, 299)]",0.0,0,0,0,0,1
755,['ambulance'],0.86,"[[28, 118, 359, 389]]","[(194, 254)]",0.0,0,0,1,0,0
756,['car'],0.9,"[[9, 257, 140, 489]]","[(74, 373)]",0.0,1,0,0,0,0
757,['ambulance'],0.94,"[[387, 159, 768, 496]]","[(578, 328)]",0.0,0,0,1,0,0
758,['truck'],0.85,"[[151, 60, 359, 479]]","[(255, 270)]",0.0,0,0,0,1,0
759,['ambulance'],0.79,"[[87, 330, 285, 492]]","[(186, 411)]",0.0,0,0,1,0,0
760,['car'],0.64,"[[221, 69, 571, 222]]","[(396, 146)]",0.0,1,0,0,0,0
761,['truck'],0.75,"[[499, 355, 910, 448]]","[(704, 402)]",0.0,0,0,0,1,0
762,['motorbike'],0.96,"[[327, 104, 332, 128]]","[(330, 116)]",0.0,0,0,0,0,1
763,['car'],0.84,"[[213, 21, 700, 271]]","[(456, 146)]",0.0,1,0,0,0,0
764,['motorbike'],0.74,"[[118, 66, 506, 379]]","[(312, 222)]",0.0,0,0,0,0,1
765,['bus'],0.81,"[[421, 56, 621, 158]]","[(521, 107)]",0.0,0,0,0,0,1
766,['bus'],0.7,"[[289, 326, 456, 414]]","[(372, 370)]",0.0,0,0,0,0,1
767,['fire_hydrant'],0.62,"[[72, 457, 330, 907]]","[(201, 682)]",0.0,0,0,0,0,1
768,['truck'],0.67,"[[403, 405, 614, 839]]","[(508, 622)]",0.0,0,0,0,1,0
769,['truck'],0.96,"[[198, 366, 524, 759]]","[(361, 562)]",0.0,0,0,0,1,0
770,['fire_hydrant'],0.81,"[[125, 324, 523, 378]]","[(324, 351)]",0.0,0,0,0,0,1
771,['ambulance'],0.9,"[[387, 199, 679, 386]]","[(533, 292)]",0.0,0,0,1,0,0
772,['truck'],0.81,"[[456, 68, 526, 170]]","[(491, 119)]",0.0,0,0,0,1,0
773,['motorbike'],0.71,"[[241, 86, 338, 461]]","[(290, 274)]",0.0,0,0,0,0,1
774,['car'],0.86,"[[458, 1, 562, 181]]","[(510, 91)]",0.0,1,0,0,0,0
775,['motorbike'],0.69,"[[178, 61, 284, 223]]","[(231, 142)]",0.0,0,0,0,0,1
776,['ambulance'],0.65,"[[62, 268, 486, 316]]","[(274, 292)]",0.0,0,0,1,0,0
777,['motorbike'],0.75,"[[214, 18, 581, 168]]","[(398, 93)]",0.0,0,0,0,0,1
778,['car'],0.81,"[[317, 174, 384, 483]]","[(350, 328)]",0.0,1,0,0,0,0
779,['car'],0.81,"[[386, 359, 455, 516]]","[(420, 438)]",0.0,1,0,0,0,0
780,['fire_hydrant'],0.76,"[[281, 188, 627, 383]]","[(454, 286)]",0.0,0,0,0,0,1
781,['car'],0.64,"[[104, 320, 440, 571]]","[(272, 446)]",0.0,1,0,0,0,0
782,['truck'],0.94,"[[98, 401, 437, 664]]","[(268, 532)]",0.0,0,0,0,1,0
783,['ambulance'],0.63,"[[60, 141, 254, 614]]","[(157, 378)]",0.0,0,0,1,0,0
784,['bus'],0.67,"[[85, 181, 386, 639]]","[(236, 410)]",0.0,0,0,0,0,1
785,['fire_hydrant'],0.69,"[[496, 123, 540, 358]]","[(518, 240)]",0.0,0,0,0,0,1
786,['truck'],0.89,"[[131, 217, 236, 510]]","[(184, 364)]",0.0,0,0,0,1,0
787,['motorbike'],0.72,"[[5, 365, 345, 717]]","[(175, 541)]",0.0,0,0,0,0,1
788,['fire_hydrant'],0.83,"[[320, 167, 817, 239]]","[(568, 203)]",0.0,0,0,0,0,1
789,['fire_hydrant'],0.96,"[[462, 385, 529, 681]]","[(496, 533)]",0.0,0,0,0,0,1
790,['fire_hydrant'],0.75,"[[149, 193, 212, 229]]","[(180, 211)]",0.0,0,0,0,0,1
791,['motorbike'],0.93,"[[161, 405, 180, 871]]","[(170, 638)]",0.0,0,0,0,0,1
792,['fire_hydrant'],0.8,"[[480, 181, 831, 584]]","[(656, 382)]",0.0,0,0,0,0,1
793,['fire_hydrant'],0.88,"[[67, 64, 364, 491]]","[(216, 278)]",0.0,0,0,0,0,1
794,['ambulance'],0.67,"[[152, 275, 414, 576]]","[(283, 426)]",0.0,0,0,1,0,0
795,['ambulance'],0.95,"[[437, 374, 935, 399]]","[(686, 386)]",0.0,0,0,1,0,0
796,['truck'],0.63,"[[153, 69, 489, 373]]","[(321, 221)]",0.0,0,0,0,1,0
797,['car'],0.79,"[[499, 375, 858, 788]]","[(678, 582)]",0.0,1,0,0,0,0
798,['bus'],0.64,"[[208, 0, 669, 313]]","[(438, 156)]",0.0,0,0,0,0,1
799,['truck'],0.74,"[[130, 471, 619, 636]]","[(374, 554)]",0.0,0,0,0,1,0
800,['truck'],0.69,"[[115, 16, 330, 371]]","[(222, 194)]",0.0,0,0,0,1,0
801,['car'],0.61,"[[80, 14, 188, 25]]","[(134, 20)]",0.0,1,0,0,0,0
802,['truck'],0.79,"[[76, 56, 261, 103]]","[(168, 80)]",0.0,0,0,0,1,0
803,['bus'],0.75,"[[330, 100, 405, 238]]","[(368, 169)]",0.0,0,0,0,0,1
804,['ambulance'],0.76,"[[116, 136, 132, 227]]","[(124, 182)]",0.0,0,0,1,0,0
805,['car'],0.97,"[[274, 116, 612, 459]]","[(443, 288)]",0.0,1,0,0,0,0
806,['truck'],0.92,"[[93, 23, 95, 116]]","[(94, 70)]",0.0,0,0,0,1,0
807,['motorbike'],0.83,"[[41, 63, 214, 257]]","[(128, 160)]",0.0,0,0,0,0,1
808,['ambulance'],0.93,"[[204, 446, 469, 616]]","[(336, 531)]",0.0,0,0,1,0,0
809,['ambulance'],0.75,"[[425, 158, 673, 226]]","[(549, 192)]",0.0,0,0,1,0,0
810,['fire_hydrant'],0.82,"[[436, 70, 767, 299]]","[(602, 184)]",0.0,0,0,0,0,1
811,['fire_hydrant'],0.81,"[[70, 471, 516, 544]]","[(293, 508)]",0.0,0,0,0,0,1
812,['ambulance'],0.87,"[[422, 275, 448, 567]]","[(435, 421)]",0.0,0,0,1,0,0
813,['ambulance'],0.78,"[[313, 412, 386, 879]]","[(350, 646)]",0.0,0,0,1,0,0
814,['bus'],0.77,"[[443, 340, 701, 539]]","[(572, 440)]",0.0,0,0,0,0,1
815,['truck'],0.93,"[[449, 47, 531, 276]]","[(490, 162)]",0.0,0,0,0,1,0
816,['fire_hydrant'],0.72,"[[431, 205, 619, 575]]","[(525, 390)]",0.0,0,0,0,0,1
817,['truck'],0.99,"[[401, 468, 854, 818]]","[(628, 643)]",0.0,0,0,0,1,0
818,['ambulance'],0.83,"[[273, 289, 730, 357]]","[(502, 323)]",0.0,0,0,1,0,0
819,['bus'],0.86,"[[268, 156, 360, 312]]","[(314, 234)]",0.0,0,0,0,0,1
820,['bus'],0.85,"[[398, 241, 503, 631]]","[(450, 436)]",0.0,0,0,0,0,1
821,['motorbike'],0.8,"[[133, 304, 180, 790]]","[(156, 547)]",0.0,0,0,0,0,1
822,['fire_hydrant'],0.61,"[[498, 301, 711, 444]]","[(604, 372)]",0.0,0,0,0,0,1
823,['ambulance'],0.92,"[[438, 361, 614, 473]]","[(526, 417)]",0.0,0,0,1,0,0
824,['fire_hydrant'],0.64,"[[54, 247, 479, 637]]","[(266, 442)]",0.0,0,0,0,0,1
825,['fire_hydrant'],0.74,"[[409, 405, 807, 406]]","[(608, 406)]",0.0,0,0,0,0,1
826,['fire_hydrant'],0.95,"[[283, 246, 722, 310]]","[(502, 278)]",0.0,0,0,0,0,1
827,['fire_hydrant'],0.99,"[[269, 206, 428, 267]]","[(348, 236)]",0.0,0,0,0,0,1
828,['truck'],0.74,"[[133, 496, 314, 858]]","[(224, 677)]",0.0,0,0,0,1,0
829,['bus'],0.91,"[[270, 179, 604, 402]]","[(437, 290)]",0.0,0,0,0,0,1
830,['truck'],0.76,"[[412, 249, 774, 369]]","[(593, 309)]",0.0,0,0,0,1,0
831,['truck'],0.76,"[[178, 170, 427, 217]]","[(302, 194)]",0.0,0,0,0,1,0
832,['ambulance'],0.91,"[[413, 96, 737, 192]]","[(575, 144)]",0.0,0,0,1,0,0
833,['truck'],0.95,"[[425, 107, 889, 519]]","[(657, 313)]",0.0,0,0,0,1,0
834,['ambulance'],0.86,"[[356, 126, 698, 288]]","[(527, 207)]",0.0,0,0,1,0,0
835,['truck'],0.94,"[[417, 274, 579, 627]]","[(498, 450)]",0.0,0,0,0,1,0
836,['fire_hydrant'],0.88,"[[63, 124, 165, 367]]","[(114, 246)]",0.0,0,0,0,0,1
837,['ambulance'],0.86,"[[340, 245, 428, 431]]","[(384, 338)]",0.0,0,0,1,0,0
838,['ambulance'],0.9,"[[176, 123, 487, 448]]","[(332, 286)]",0.0,0,0,1,0,0
839,['fire_hydrant'],0.67,"[[432, 386, 916, 517]]","[(674, 452)]",0.0,0,0,0,0,1
840,['ambulance'],0.64,"[[206, 437, 631, 643]]","[(418, 540)]",0.0,0,0,1,0,0
841,['car'],0.74,"[[313, 399, 491, 452]]","[(402, 426)]",0.0,1,0,0,0,0
842,['bus'],0.68,"[[252, 153, 303, 366]]","[(278, 260)]",0.0,0,0,0,0,1
843,['car'],0.84,"[[343, 461, 463, 493]]","[(403, 477)]",0.0,1,0,0,0,0
844,['bus'],0.91,"[[274, 352, 666, 708]]","[(470, 530)]",0.0,0,0,0,0,1
845,['motorbike'],0.79,"[[131, 248, 409, 457]]","[(270, 352)]",0.0,0,0,0,0,1
846,['motorbike'],0.99,"[[31, 136, 144, 218]]","[(88, 177)]",0.0,0,0,0,0,1
847,['bus'],0.86,"[[191, 233, 487, 664]]","[(339, 448)]",0.0,0,0,0,0,1
848,['motorbike'],0.67,"[[241, 296, 484, 498]]","[(362, 397)]",0.0,0,0,0,0,1
849,['motorbike'],0.94,"[[325, 37, 633, 335]]","[(479, 186)]",0.0,0,0,0,0,1
850,['fire_hydrant'],0.9,"[[95, 151, 399, 284]]","[(247, 218)]",0.0,0,0,0,0,1
851,['ambulance'],0.64,"[[210, 70, 216, 505]]","[(213, 288)]",0.0,0,0,1,0,0
852,['car'],0.8,"[[79, 166, 356, 293]]","[(218, 230)]",0.0,1,0,0,0,0
853,['bus'],0.81,"[[0, 160, 339, 413]]","[(170, 286)]",0.0,0,0,0,0,1
854,['motorbike'],0.77,"[[367, 102, 395, 226]]","[(381, 164)]",0.0,0,0,0,0,1
855,['ambulance'],0.75,"[[142, 205, 625, 362]]","[(384, 284)]",0.0,0,0,1,0,0
856,['truck'],0.63,"[[280, 456, 481, 568]]","[(380, 512)]",0.0,0,0,0,1,0
857,['bus'],0.63,"[[432, 123, 774, 251]]","[(603, 187)]",0.0,0,0,0,0,1
858,['truck'],0.82,"[[345, 113, 785, 573]]","[(565, 343)]",0.0,0,0,0,1,0
859,['ambulance'],0.99,"[[457, 248, 725, 515]]","[(591, 382)]",0.0,0,0,1,0,0
860,['truck'],0.75,"[[257, 77, 703, 293]]","[(480, 185)]",0.0,0,0,0,1,0
861,['bus'],0.75,"[[240, 359, 587, 762]]","[(414, 560)]",0.0,0,0,0,0,1
862,['car'],0.91,"[[92, 158, 312, 630]]","[(202, 394)]",0.0,1,0,0,0,0
863,['bus'],1.0,"[[119, 146, 123, 442]]","[(121, 294)]",0.0,0,0,0,0,1
864,['bus'],0.8,"[[199, 10, 221, 358]]","[(210, 184)]",0.0,0,0,0,0,1
865,['ambulance'],0.64,"[[274, 356, 640, 576]]","[(457, 466)]",0.0,0,0,1,0,0
866,['truck'],0.91,"[[40, 89, 230, 438]]","[(135, 264)]",0.0,0,0,0,1,0
867,['car'],0.73,"[[83, 279, 289, 335]]","[(186, 307)]",0.0,1,0,0,0,0
868,['car'],0.82,"[[121, 328, 575, 686]]","[(348, 507)]",0.0,1,0,0,0,0
869,['ambulance'],0.63,"[[381, 294, 576, 350]]","[(478, 322)]",0.0,0,0,1,0,0
870,['bus'],0.8,"[[424, 184, 489, 558]]","[(456, 371)]",0.0,0,0,0,0,1
871,['fire_hydrant'],0.8,"[[362, 44, 421, 330]]","[(392, 187)]",0.0,0,0,0,0,1
872,['car'],0.68,"[[165, 498, 400, 532]]","[(282, 515)]",0.0,1,0,0,0,0
873,['fire_hydrant'],0.67,"[[406, 445, 449, 478]]","[(428, 462)]",0.0,0,0,0,0,1
874,['fire_hydrant'],0.69,"[[72, 141, 126, 559]]","[(99, 350)]",0.0,0,0,0,0,1
875,['car'],0.75,"[[318, 392, 810, 632]]","[(564, 512)]",0.0,1,0,0,0,0
876,['truck'],0.76,"[[206, 96, 409, 528]]","[(308, 312)]",0.0,0,0,0,1,0
877,['bus'],0.66,"[[407, 150, 556, 273]]","[(482, 212)]",0.0,0,0,0,0,1
878,['bus'],0.9,"[[179, 56, 193, 529]]","[(186, 292)]",0.0,0,0,0,0,1
879,['truck'],0.78,"[[335, 233, 612, 356]]","[(474, 294)]",0.0,0,0,0,1,0
880,['car'],0.81,"[[319, 215, 722, 672]]","[(520, 444)]",0.0,1,0,0,0,0
881,['motorbike'],0.78,"[[24, 456, 100, 668]]","[(62, 562)]",0.0,0,0,0,0,1
882,['motorbike'],0.97,"[[297, 109, 774, 547]]","[(536, 328)]",0.0,0,0,0,0,1
883,['car'],0.64,"[[257, 215, 342, 478]]","[(300, 346)]",0.0,1,0,0,0,0
884,['truck'],0.95,"[[162, 31, 388, 250]]","[(275, 140)]",0.0,0,0,0,1,0
885,['car'],0.74,"[[48, 305, 391, 589]]","[(220, 447)]",0.0,1,0,0,0,0
886,['bus'],0.73,"[[436, 252, 890, 290]]","[(663, 271)]",0.0,0,0,0,0,1
887,['ambulance'],0.98,"[[259, 77, 696, 120]]","[(478, 98)]",0.0,0,0,1,0,0
888,['ambulance'],0.64,"[[406, 288, 881, 390]]","[(644, 339)]",0.0,0,0,1,0,0
889,['ambulance'],0.77,"[[376, 469, 646, 581]]","[(511, 525)]",0.0,0,0,1,0,0
890,['motorbike'],0.72,"[[277, 268, 309, 324]]","[(293, 296)]",0.0,0,0,0,0,1
891,['ambulance'],0.67,"[[43, 114, 288, 416]]","[(166, 265)]",0.0,0,0,1,0,0
892,['ambulance'],0.79,"[[481, 329, 791, 420]]","[(636, 374)]",0.0,0,0,1,0,0
893,['car'],0.77,"[[289, 498, 602, 645]]","[(446, 572)]",0.0,1,0,0,0,0
894,['car'],0.75,"[[143, 368, 250, 591]]","[(196, 480)]",0.0,1,0,0,0,0
895,['truck'],0.64,"[[15, 418, 375, 566]]","[(195, 492)]",0.0,0,0,0,1,0
896,['truck'],0.71,"[[145, 301, 289, 625]]","[(217, 463)]",0.0,0,0,0,1,0
897,['ambulance'],1.0,"[[250, 362, 255, 697]]","[(252, 530)]",0.0,0,0,1,0,0
898,['fire_hydrant'],0.8,"[[454, 103, 549, 383]]","[(502, 243)]",0.0,0,0,0,0,1
899,['fire_hydrant'],0.88,"[[55, 282, 541, 572]]","[(298, 427)]",0.0,0,0,0,0,1
900,['car'],0.66,"[[41, 106, 57, 391]]","[(49, 248)]",0.0,1,0,0,0,0
901,['fire_hydrant'],0.8,"[[331, 358, 529, 551]]","[(430, 454)]",0.0,0,0,0,0,1
902,['truck'],0.97,"[[471, 163, 532, 320]]","[(502, 242)]",0.0,0,0,0,1,0
903,['bus'],0.83,"[[443, 395, 875, 885]]","[(659, 640)]",0.0,0,0,0,0,1
904,['motorbike'],0.69,"[[461, 19, 715, 482]]","[(588, 250)]",0.0,0,0,0,0,1
905,['motorbike'],0.74,"[[374, 176, 774, 184]]","[(574, 180)]",0.0,0,0,0,0,1
906,['motorbike'],0.76,"[[244, 179, 627, 251]]","[(436, 215)]",0.0,0,0,0,0,1
907,['bus'],0.86,"[[238, 23, 585, 257]]","[(412, 140)]",0.0,0,0,0,0,1
908,['car'],0.81,"[[311, 355, 565, 672]]","[(438, 514)]",0.0,1,0,0,0,0
909,['bus'],1.0,"[[357, 293, 385, 740]]","[(371, 516)]",0.0,0,0,0,0,1
910,['car'],0.96,"[[126, 247, 372, 414]]","[(249, 330)]",0.0,1,0,0,0,0
911,['ambulance'],0.99,"[[256, 482, 554, 700]]","[(405, 591)]",0.0,0,0,1,0,0
912,['bus'],0.7,"[[285, 425, 706, 605]]","[(496, 515)]",0.0,0,0,0,0,1
913,['car'],0.74,"[[211, 243, 261, 271]]","[(236, 257)]",0.0,1,0,0,0,0
914,['motorbike'],0.98,"[[356, 195, 557, 240]]","[(456, 218)]",0.0,0,0,0,0,1
915,['bus'],0.91,"[[300, 209, 400, 618]]","[(350, 414)]",0.0,0,0,0,0,1
916,['truck'],0.9,"[[214, 65, 330, 378]]","[(272, 222)]",0.0,0,0,0,1,0
917,['bus'],0.71,"[[17, 347, 219, 514]]","[(118, 430)]",0.0,0,0,0,0,1
918,['bus'],0.91,"[[196, 91, 631, 215]]","[(414, 153)]",0.0,0,0,0,0,1
919,['car'],0.72,"[[124, 356, 308, 423]]","[(216, 390)]",0.0,1,0,0,0,0
920,['truck'],0.64,"[[59, 433, 215, 472]]","[(137, 452)]",0.0,0,0,0,1,0
921,['car'],0.67,"[[330, 290, 709, 508]]","[(520, 399)]",0.0,1,0,0,0,0
922,['truck'],0.87,"[[62, 18, 71, 427]]","[(66, 222)]",0.0,0,0,0,1,0
923,['bus'],0.73,"[[222, 140, 501, 316]]","[(362, 228)]",0.0,0,0,0,0,1
924,['fire_hydrant'],0.93,"[[5, 281, 257, 282]]","[(131, 282)]",0.0,0,0,0,0,1
925,['car'],1.0,"[[282, 411, 383, 905]]","[(332, 658)]",0.0,1,0,0,0,0
926,['motorbike'],0.6,"[[267, 383, 739, 634]]","[(503, 508)]",0.0,0,0,0,0,1
927,['car'],0.97,"[[451, 455, 694, 794]]","[(572, 624)]",0.0,1,0,0,0,0
928,['bus'],0.64,"[[249, 26, 415, 419]]","[(332, 222)]",0.0,0,0,0,0,1
929,['motorbike'],0.81,"[[130, 114, 160, 271]]","[(145, 192)]",0.0,0,0,0,0,1
930,['fire_hydrant'],0.86,"[[201, 225, 499, 585]]","[(350, 405)]",0.0,0,0,0,0,1
931,['car'],0.95,"[[195, 255, 691, 709]]","[(443, 482)]",0.0,1,0,0,0,0
932,['truck'],0.86,"[[16, 394, 425, 554]]","[(220, 474)]",0.0,0,0,0,1,0
933,['car'],0.63,"[[440, 128, 615, 338]]","[(528, 233)]",0.0,1,0,0,0,0
934,['car'],0.67,"[[181, 120, 365, 535]]","[(273, 328)]",0.0,1,0,0,0,0
935,['ambulance'],0.64,"[[496, 499, 879, 828]]","[(688, 664)]",0.0,0,0,1,0,0
936,['fire_hydrant'],0.63,"[[139, 178, 282, 569]]","[(210, 374)]",0.0,0,0,0,0,1
937,['fire_hydrant'],0.77,"[[177, 17, 411, 148]]","[(294, 82)]",0.0,0,0,0,0,1
938,['fire_hydrant'],0.83,"[[274, 121, 338, 463]]","[(306, 292)]",0.0,0,0,0,0,1
939,['bus'],0.65,"[[457, 353, 841, 362]]","[(649, 358)]",0.0,0,0,0,0,1
940,['truck'],0.82,"[[21, 410, 240, 637]]","[(130, 524)]",0.0,0,0,0,1,0
941,['truck'],0.65,"[[136, 429, 192, 863]]","[(164, 646)]",0.0,0,0,0,1,0
942,['bus'],0.93,"[[497, 157, 994, 608]]","[(746, 382)]",0.0,0,0,0,0,1
943,['fire_hydrant'],0.71,"[[242, 244, 407, 386]]","[(324, 315)]",0.0,0,0,0,0,1
944,['ambulance'],0.68,"[[440, 60, 911, 175]]","[(676, 118)]",0.0,0,0,1,0,0
945,['truck'],0.78,"[[465, 145, 513, 629]]","[(489, 387)]",0.0,0,0,0,1,0
946,['motorbike'],0.78,"[[187, 473, 369, 564]]","[(278, 518)]",0.0,0,0,0,0,1
947,['truck'],0.94,"[[346, 422, 636, 630]]","[(491, 526)]",0.0,0,0,0,1,0
948,['truck'],0.67,"[[403, 43, 866, 58]]","[(634, 50)]",0.0,0,0,0,1,0
949,['bus'],0.89,"[[196, 187, 558, 428]]","[(377, 308)]",0.0,0,0,0,0,1
950,['bus'],0.94,"[[387, 366, 620, 753]]","[(504, 560)]",0.0,0,0,0,0,1
951,['fire_hydrant'],0.78,"[[311, 132, 559, 244]]","[(435, 188)]",0.0,0,0,0,0,1
952,['ambulance'],0.74,"[[202, 112, 614, 553]]","[(408, 332)]",0.0,0,0,1,0,0
953,['car'],0.94,"[[183, 190, 363, 589]]","[(273, 390)]",0.0,1,0,0,0,0
954,['motorbike'],0.63,"[[452, 17, 925, 347]]","[(688, 182)]",0.0,0,0,0,0,1
955,['bus'],0.97,"[[202, 311, 700, 742]]","[(451, 526)]",0.0,0,0,0,0,1
956,['fire_hydrant'],0.85,"[[444, 455, 769, 871]]","[(606, 663)]",0.0,0,0,0,0,1
957,['car'],0.91,"[[358, 446, 731, 587]]","[(544, 516)]",0.0,1,0,0,0,0
958,['motorbike'],0.65,"[[188, 432, 664, 556]]","[(426, 494)]",0.0,0,0,0,0,1
959,['bus'],0.63,"[[229, 487, 265, 930]]","[(247, 708)]",0.0,0,0,0,0,1
960,['motorbike'],0.68,"[[287, 263, 471, 342]]","[(379, 302)]",0.0,0,0,0,0,1
961,['fire_hydrant'],1.0,"[[313, 404, 506, 771]]","[(410, 588)]",0.0,0,0,0,0,1
962,['ambulance'],0.87,"[[395, 310, 854, 601]]","[(624, 456)]",0.0,0,0,1,0,0
963,['car'],0.9,"[[420, 379, 745, 382]]","[(582, 380)]",0.0,1,0,0,0,0
964,['truck'],0.81,"[[24, 118, 367, 571]]","[(196, 344)]",0.0,0,0,0,1,0
965,['fire_hydrant'],0.87,"[[122, 131, 253, 134]]","[(188, 132)]",0.0,0,0,0,0,1
966,['ambulance'],0.73,"[[429, 423, 520, 921]]","[(474, 672)]",0.0,0,0,1,0,0
967,['ambulance'],0.66,"[[446, 92, 476, 318]]","[(461, 205)]",0.0,0,0,1,0,0
968,['ambulance'],0.81,"[[111, 161, 266, 585]]","[(188, 373)]",0.0,0,0,1,0,0
969,['motorbike'],0.69,"[[130, 398, 182, 602]]","[(156, 500)]",0.0,0,0,0,0,1
970,['ambulance'],0.8,"[[59, 118, 542, 209]]","[(300, 164)]",0.0,0,0,1,0,0
971,['bus'],0.71,"[[227, 191, 443, 313]]","[(335, 252)]",0.0,0,0,0,0,1
972,['bus'],0.83,"[[85, 210, 359, 245]]","[(222, 228)]",0.0,0,0,0,0,1
973,['car'],0.91,"[[297, 160, 336, 579]]","[(316, 370)]",0.0,1,0,0,0,0
974,['truck'],0.7,"[[264, 358, 616, 758]]","[(440, 558)]",0.0,0,0,0,1,0
975,['fire_hydrant'],0.96,"[[8, 105, 294, 497]]","[(151, 301)]",0.0,0,0,0,0,1
976,['truck'],0.77,"[[344, 280, 656, 627]]","[(500, 454)]",0.0,0,0,0,1,0
977,['ambulance'],0.68,"[[82, 226, 399, 436]]","[(240, 331)]",0.0,0,0,1,0,0
978,['truck'],0.94,"[[246, 130, 610, 247]]","[(428, 188)]",0.0,0,0,0,1,0
979,['motorbike'],0.99,"[[104, 182, 542, 494]]","[(323, 338)]",0.0,0,0,0,0,1
980,['truck'],0.94,"[[370, 246, 404, 614]]","[(387, 430)]",0.0,0,0,0,1,0
981,['truck'],0.89,"[[310, 346, 579, 577]]","[(444, 462)]",0.0,0,0,0,1,0
982,['truck'],0.78,"[[460, 46, 729, 363]]","[(594, 204)]",0.0,0,0,0,1,0
983,['ambulance'],0.62,"[[16, 15, 134, 250]]","[(75, 132)]",0.0,0,0,1,0,0
984,['ambulance'],0.92,"[[94, 153, 301, 554]]","[(198, 354)]",0.0,0,0,1,0,0
985,['bus'],0.91,"[[392, 352, 764, 671]]","[(578, 512)]",0.0,0,0,0,0,1
986,['fire_hydrant'],0.87,"[[238, 64, 423, 188]]","[(330, 126)]",0.0,0,0,0,0,1
987,['fire_hydrant'],0.63,"[[233, 14, 400, 384]]","[(316, 199)]",0.0,0,0,0,0,1
988,['car'],0.71,"[[16, 121, 265, 349]]","[(140, 235)]",0.0,1,0,0,0,0
989,['fire_hydrant'],0.93,"[[276, 491, 733, 501]]","[(504, 496)]",0.0,0,0,0,0,1
990,['fire_hydrant'],0.72,"[[326, 118, 504, 295]]","[(415, 206)]",0.0,0,0,0,0,1
991,['car'],0.63,"[[20, 484, 424, 510]]","[(222, 497)]",0.0,1,0,0,0,0
992,['car'],0.61,"[[242, 497, 308, 569]]","[(275, 533)]",0.0,1,0,0,0,0
993,['motorbike'],0.72,"[[320, 469, 610, 942]]","[(465, 706)]",0.0,0,0,0,0,1
994,['ambulance'],0.63,"[[52, 90, 134, 181]]","[(93, 136)]",0.0,0,0,1,0,0
995,['ambulance'],0.97,"[[99, 332, 564, 454]]","[(332, 393)]",0.0,0,0,1,0,0
996,['motorbike'],0.67,"[[457, 240, 650, 706]]","[(554, 473)]",0.0,0,0,0,0,1
997,['motorbike'],0.73,"[[499, 79, 734, 373]]","[(616, 226)]",0.0,0,0,0,0,1
998,['motorbike'],0.61,"[[451, 212, 699, 224]]","[(575, 218)]",0.0,0,0,0,0,1
999,['fire_hydrant'],0.68,"[[361, 164, 383, 492]]","[(372, 328)]",0.0,0,0,0,0,1
